"GridID","DispProbF","DispProbM"
"Grid_1",0.880394113008371,0.99018440901338
"Grid_10",0.679615935508435,0.966745941704909
"Grid_100",5.05813786538063e-17,6.93211436968372e-16
"Grid_1000",0.754684711029236,0.976831200570176
"Grid_1001",0.147566899699647,0.703482853696832
"Grid_1002",0.608950228826853,0.955240235963911
"Grid_1003",0.968615223462599,0.99764133031009
"Grid_1004",0.97499383888427,0.998132080692789
"Grid_1005",0.952288038603906,0.996357504028478
"Grid_1006",0.998888149858956,0.999918788213111
"Grid_1007",0.979928958664186,0.998507715317163
"Grid_1008",0.976089775909968,0.998215801105789
"Grid_1009",0.979173181712534,0.99845041692812
"Grid_101",1.62500472130733e-14,2.22704854616066e-13
"Grid_1010",0.869720519429282,0.989188146599126
"Grid_1011",0.996045519614395,0.999710392776843
"Grid_1012",0.501216897801819,0.932303199200605
"Grid_1013",0.503449784368654,0.932864745533994
"Grid_1014",0.99994301463263,0.999995841743848
"Grid_1015",NA,NA
"Grid_1016",NA,NA
"Grid_1017",NA,NA
"Grid_1018",NA,NA
"Grid_1019",NA,NA
"Grid_102",8.64006932408281e-15,1.18411064131848e-13
"Grid_1020",NA,NA
"Grid_1021",6.0724915104843e-11,8.32227328465005e-10
"Grid_1022",7.99231825436351e-10,1.09533716023798e-08
"Grid_1023",0.00459718104023567,0.0595270172259143
"Grid_1024",0.000958449645033401,0.0129774062732235
"Grid_1025",0.998712978786039,0.999905978079134
"Grid_1026",0.473118810227696,0.924848441554008
"Grid_1027",0.681023642584094,0.966953399327122
"Grid_1028",0.837275971007411,0.986017252409246
"Grid_1029",0.824895517938798,0.984747253926562
"Grid_103",0.999999996492193,0.999999999744047
"Grid_1030",0.99502359553523,0.999635205083884
"Grid_1031",0.612406489717724,0.955857705777138
"Grid_1032",0.598518106760912,0.953338290082092
"Grid_1033",0.996553498046693,0.999747713928692
"Grid_1034",0.990704505136417,0.999315842499022
"Grid_1035",0.839299096678681,0.98622153032305
"Grid_1036",0.62272791931097,0.957665436482823
"Grid_1037",0.718025908102966,0.972143633285758
"Grid_1038",0.0962684848775873,0.593477553026407
"Grid_1039",0.0127672293171051,0.150552713124158
"Grid_104",0.999999973371787,0.999999998057026
"Grid_1040",0.992185107720518,0.999425611535236
"Grid_1041",NA,NA
"Grid_1042",NA,NA
"Grid_1043",NA,NA
"Grid_1044",NA,NA
"Grid_1045",NA,NA
"Grid_1046",1,1
"Grid_1047",8.31554129550585e-12,1.13963448277515e-10
"Grid_1048",0.0171304147100681,0.192807583247967
"Grid_1049",0.14792333419752,0.704072987147593
"Grid_105",0.0148928875037265,0.171630547025677
"Grid_1050",0.665080997879966,0.96455797496423
"Grid_1051",0.991194311083379,0.99935218940093
"Grid_1052",0.98310078785355,0.998747294533035
"Grid_1053",0.95751286588875,0.996772740299887
"Grid_1054",0.994858155239855,0.999623019411798
"Grid_1055",0.967028176912422,0.997518297910889
"Grid_1056",0.997725774028705,0.999833706551288
"Grid_1057",0.0961087223278262,0.593034110890492
"Grid_1058",0.999269662296994,0.999946673534205
"Grid_1059",0.997908193861333,0.999847071169857
"Grid_106",0.651393566990306,0.962417939732224
"Grid_1060",0.993538337542871,0.99952567224911
"Grid_1061",0.923476999097285,0.993990022062129
"Grid_1062",0.999283526537764,0.999947686520861
"Grid_1063",0.987244215474318,0.999058114153085
"Grid_1064",0.323506151511414,0.867616448335919
"Grid_1065",0.0156141647082922,0.178566797726813
"Grid_1066",0.456602673181666,0.920101313185786
"Grid_1067",NA,NA
"Grid_1068",NA,NA
"Grid_1069",NA,NA
"Grid_107",0.75361659194719,0.976700460254657
"Grid_1070",NA,NA
"Grid_1071",NA,NA
"Grid_1072",NA,NA
"Grid_1073",5.5966398748651e-13,7.67012460529324e-12
"Grid_1074",0.000705517004676065,0.00958312349977567
"Grid_1075",0.006514268172753,0.0824531591619403
"Grid_1076",0.0366475625814142,0.342691949932479
"Grid_1077",0.811041493381899,0.983284191981322
"Grid_1078",0.0284096774551514,0.286089514294889
"Grid_1079",0.0165908561666116,0.187791925798986
"Grid_108",0.300878007377376,0.855032660912443
"Grid_1080",0.661719656859701,0.964039757286561
"Grid_1081",0.999007671105357,0.999927526325477
"Grid_1082",0.981724410045535,0.998643507984415
"Grid_1083",0.951550370435055,0.99629853953606
"Grid_1084",0.900687758659377,0.992018705655318
"Grid_1085",0.999655979605788,0.9999748899453
"Grid_1086",0.997629104653225,0.999826622429414
"Grid_1087",0.612163001261906,0.95581440823185
"Grid_1088",0.993893115219389,0.999551863497693
"Grid_1089",0.551294679812143,0.943940772860155
"Grid_109",0.995238888057941,0.999651057050355
"Grid_1090",0.697382625586933,0.969309076402708
"Grid_1091",7.42809728564482e-05,0.00101705157424314
"Grid_1092",0.0151892026837827,0.174492994591457
"Grid_1093",NA,NA
"Grid_1094",NA,NA
"Grid_1095",NA,NA
"Grid_1096",NA,NA
"Grid_1097",NA,NA
"Grid_1098",NA,NA
"Grid_1099",0.00010426938762253,0.00142710831949633
"Grid_11",0.9993941613331,0.999955769086016
"Grid_110",0.33065917566162,0.871304945622955
"Grid_1100",0.000300909150964626,0.00410821632904736
"Grid_1101",0.140791629400347,0.691900864098929
"Grid_1102",0.013246258973836,0.155387784676392
"Grid_1103",0.398107305810171,0.900643396555078
"Grid_1104",0.04172241580521,0.373706730220399
"Grid_1105",5.93930658373535e-06,8.139130859233e-05
"Grid_1106",0.877276967679908,0.989895757603438
"Grid_1107",0.723776767149126,0.972907319269367
"Grid_1108",0.987207834944397,0.999055395579495
"Grid_1109",0.980648490385441,0.998562189844978
"Grid_111",0.975691925255875,0.998185428768725
"Grid_1110",0.190578445300178,0.76341524467229
"Grid_1111",0.990526226577844,0.999302604762523
"Grid_1112",0.994873696599814,0.999624164286196
"Grid_1113",0.0131591927405014,0.15451273368489
"Grid_1114",0.342454584809004,0.877113665667868
"Grid_1115",0.828758445386238,0.98514723597948
"Grid_1116",0.999351250213986,0.999952634356773
"Grid_1117",0.76019809829624,0.977500757850857
"Grid_1118",0.999999999996425,0.999999999999739
"Grid_1119",NA,NA
"Grid_112",0.0486854721035577,0.412240117708359
"Grid_1120",NA,NA
"Grid_1121",NA,NA
"Grid_1122",NA,NA
"Grid_1123",NA,NA
"Grid_1124",NA,NA
"Grid_1125",NA,NA
"Grid_1126",2.10126928443669e-14,2.87976314384594e-13
"Grid_1127",3.41062963916799e-07,4.67420479880533e-06
"Grid_1128",0.247147238811503,0.818150391510076
"Grid_1129",0.0013579222256235,0.0182945319327487
"Grid_113",0.992329257574671,0.999436282316955
"Grid_1130",0.935226203725335,0.994971732544836
"Grid_1131",4.4757011014294e-07,6.13385722614369e-06
"Grid_1132",0.576456077651358,0.949116530919958
"Grid_1133",0.751096027958804,0.976390602951437
"Grid_1134",0.992970363683032,0.999483705817149
"Grid_1135",0.0171587729815759,0.19306963597451
"Grid_1136",0.409763651323163,0.904892562227301
"Grid_1137",0.980879825388899,0.99857968810934
"Grid_1138",0.9928574827559,0.999475359975867
"Grid_1139",0.999951419133798,0.999996455052919
"Grid_114",0.787388441142205,0.980678125019029
"Grid_1140",0.0647218555514511,0.486754733532307
"Grid_1141",0.409772703864316,0.904895783404212
"Grid_1142",0.322602295082133,0.867141012511919
"Grid_1143",0.996144442570277,0.99971766340774
"Grid_1144",0.998730374395129,0.999907250393741
"Grid_1145",NA,NA
"Grid_1146",NA,NA
"Grid_1147",NA,NA
"Grid_1148",NA,NA
"Grid_1149",NA,NA
"Grid_115",2.17721607790668e-08,2.98384644436639e-07
"Grid_1150",NA,NA
"Grid_1151",NA,NA
"Grid_1152",1.0907552742562e-07,1.49486432229293e-06
"Grid_1153",0.00121151697651498,0.0163519951850976
"Grid_1154",0.775227975430424,0.979282107120843
"Grid_1155",0.983418975723981,0.998771249390054
"Grid_1156",0.00211552011044596,0.0282340781234003
"Grid_1157",2.70731586690921e-05,0.000370906659329114
"Grid_1158",0.999446858919785,0.999959618391754
"Grid_1159",0.647168860264814,0.961741105493708
"Grid_116",0.999994681363725,0.999999611914537
"Grid_1160",0.999495906018066,0.999963200708762
"Grid_1161",0.991408358684596,0.999368062728034
"Grid_1162",0.894078985716462,0.991429756995819
"Grid_1163",0.992528855496623,0.999451052934801
"Grid_1164",0.99952558730338,0.999965368421293
"Grid_1165",0.779828664666766,0.979814915537051
"Grid_1166",0.63844633686187,0.96031845398836
"Grid_1167",0.451776449945176,0.918658334284226
"Grid_1168",0.996682383663476,0.999757177541156
"Grid_1169",0.194291851866041,0.767703924900522
"Grid_117",0.999985347090588,0.999998930810446
"Grid_1170",0.999999999994894,0.999999999999627
"Grid_1171",NA,NA
"Grid_1172",NA,NA
"Grid_1173",NA,NA
"Grid_1174",NA,NA
"Grid_1175",NA,NA
"Grid_1176",NA,NA
"Grid_1177",NA,NA
"Grid_1178",0.998191473323117,0.999867816089433
"Grid_1179",0.0792858847703998,0.541321065298165
"Grid_118",2.45280187612841e-07,3.3615236670492e-06
"Grid_1180",0.789245443470052,0.980887865433953
"Grid_1181",0.836473493031983,0.985935974882182
"Grid_1182",0.00371836629955078,0.0486609333101795
"Grid_1183",0.000136066747626441,0.00186155957585752
"Grid_1184",0.120753300558623,0.653041537015387
"Grid_1185",0.994542300891739,0.999599744407826
"Grid_1186",0.961336948626057,0.997074010044084
"Grid_1187",0.981710623257362,0.998642467020969
"Grid_1188",0.982567858396246,0.99870714062291
"Grid_1189",0.959265174449822,0.996911066612215
"Grid_119",1.80261736176123e-07,2.47045877967064e-06
"Grid_1190",0.999963799870123,0.999997358505892
"Grid_1191",0.962817417000932,0.997190050609932
"Grid_1192",0.171269614617979,0.739061365593646
"Grid_1193",0.264788404701949,0.831532040433339
"Grid_1194",0.985609434294923,0.998935769938117
"Grid_1195",0.0459979920923274,0.397877565152451
"Grid_1196",0.99999996625269,0.999999997537569
"Grid_1197",NA,NA
"Grid_1198",NA,NA
"Grid_1199",NA,NA
"Grid_12",0.999999433979641,0.999999958699318
"Grid_120",6.20612184755853e-07,8.50534492551339e-06
"Grid_1200",NA,NA
"Grid_1201",NA,NA
"Grid_1202",NA,NA
"Grid_1203",NA,NA
"Grid_1204",1.84415371435358e-06,2.52733027199284e-05
"Grid_1205",0.862157787914616,0.98846856686992
"Grid_1206",0.798263541906518,0.981893789994097
"Grid_1207",0.412054319314509,0.905703864004677
"Grid_1208",0.273224621343999,0.837457137197644
"Grid_1209",3.4354906742252e-06,4.70809129265699e-05
"Grid_121",1.07514811046884e-10,1.4734769700426e-09
"Grid_1210",0.93389057518001,0.994861281139093
"Grid_1211",0.933957027850702,0.994866783409827
"Grid_1212",0.982656328678991,0.998713809264234
"Grid_1213",0.989690735769494,0.999240508110382
"Grid_1214",0.781501540507045,0.980007239300634
"Grid_1215",0.876797528743429,0.989851193869352
"Grid_1216",0.872724541321834,0.989470799220039
"Grid_1217",0.390256144364016,0.897662308438716
"Grid_1218",0.135036406104405,0.68148584364739
"Grid_1219",0.189843458334839,0.762552334384489
"Grid_122",1.34987596889211e-08,1.84998773174663e-07
"Grid_1220",0.00232944718202775,0.0310071149332871
"Grid_1221",0.995405909493099,0.999663350444387
"Grid_1222",0.999999999275979,0.999999999947171
"Grid_1223",NA,NA
"Grid_1224",NA,NA
"Grid_1225",NA,NA
"Grid_1226",NA,NA
"Grid_1227",NA,NA
"Grid_1228",NA,NA
"Grid_1229",NA,NA
"Grid_123",8.02172372231974e-11,1.09936715266397e-09
"Grid_1230",NA,NA
"Grid_1231",0.00121138421885213,0.0163502304978164
"Grid_1232",0.444399155585482,0.916401161047379
"Grid_1233",0.616547610327243,0.956589443170079
"Grid_1234",0.999862491390765,0.999989965165878
"Grid_1235",0.039850175757897,0.362573684695719
"Grid_1236",0.827378502290309,0.985004743026617
"Grid_1237",0.0452424321567948,0.393727506317857
"Grid_1238",0.543775980320792,0.942312962681437
"Grid_1239",0.885094872217008,0.990616174071057
"Grid_124",3.51110616751052e-09,4.81192665746326e-08
"Grid_1240",0.931772282864607,0.99468550765017
"Grid_1241",0.692535810476142,0.968621557809662
"Grid_1242",0.646562880150641,0.961643375660287
"Grid_1243",0.0641717974981068,0.484475857869666
"Grid_1244",0.00701526058623847,0.088275449942294
"Grid_1245",5.50190982907035e-05,0.000753503120058186
"Grid_1246",0.669280674187887,0.965198893878774
"Grid_1247",0.540347126655568,0.941557482576397
"Grid_1248",0.99990079607946,0.999992760747567
"Grid_1249",NA,NA
"Grid_125",1.83649397084274e-17,2.51689190447925e-16
"Grid_1250",NA,NA
"Grid_1251",NA,NA
"Grid_1252",NA,NA
"Grid_1253",NA,NA
"Grid_1254",NA,NA
"Grid_1255",NA,NA
"Grid_1256",1,1
"Grid_1257",0.0589866203363384,0.462099054545638
"Grid_1258",0.0119752362813763,0.142446713562573
"Grid_1259",0.992998120523064,0.999485757747336
"Grid_126",9.55416654411988e-16,1.3093865164124e-14
"Grid_1260",0.985035305178506,0.998892713878994
"Grid_1261",4.68847398424221e-07,6.42545639264474e-06
"Grid_1262",0.880358480278534,0.990181119981512
"Grid_1263",0.443507202759058,0.916123935794937
"Grid_1264",0.00649879174665155,0.0822722094780246
"Grid_1265",0.967982794053127,0.997592347283728
"Grid_1266",0.0225434945580314,0.240168543082623
"Grid_1267",0.0101826099861253,0.123565829419402
"Grid_1268",0.000431312004948135,0.0058788620356701
"Grid_1269",0.042777850691923,0.379831501579139
"Grid_127",7.44848722968752e-17,1.02080581295973e-15
"Grid_1270",0.00876597988435566,0.108097735068363
"Grid_1271",2.36446157023778e-06,3.24036752227431e-05
"Grid_1272",8.25024753892408e-11,1.13068605443739e-09
"Grid_1273",0.998377441746425,0.999881428863243
"Grid_1274",0.999414732298654,0.999957271741077
"Grid_1275",NA,NA
"Grid_1276",NA,NA
"Grid_1277",NA,NA
"Grid_1278",NA,NA
"Grid_1279",NA,NA
"Grid_128",8.80364990237752e-05,0.00120518116768848
"Grid_1280",NA,NA
"Grid_1281",NA,NA
"Grid_1282",NA,NA
"Grid_1283",0.0066128675557297,0.083604437442317
"Grid_1284",0.431031590565766,0.912144742644582
"Grid_1285",0.0208432322555109,0.225847148902379
"Grid_1286",0.624555127952378,0.957979931806745
"Grid_1287",0.0250796032538555,0.260658391223229
"Grid_1288",0.991179769248347,0.999351110778134
"Grid_1289",0.839694432546901,0.98626134283895
"Grid_129",0.98690832386872,0.999033007242709
"Grid_1290",0.0474999814084343,0.405979962230355
"Grid_1291",0.949900759154218,0.996166374093339
"Grid_1292",0.03836638245503,0.35349757012015
"Grid_1293",2.6798325451201e-05,0.000367142681243157
"Grid_1294",5.83982873678232e-06,8.0028181205992e-05
"Grid_1295",1.92319506366636e-09,2.63571459806273e-08
"Grid_1296",0.839508870849467,0.986242660015429
"Grid_1297",0.0200698133014233,0.219169462666775
"Grid_1298",6.57190021853358e-09,9.00670589645806e-08
"Grid_1299",0.702970170171141,0.970091087144368
"Grid_13",0.779037101224052,0.9797236512271
"Grid_130",0.999928201010235,0.999994760713058
"Grid_1300",0.999994558922679,0.999999602980324
"Grid_1301",NA,NA
"Grid_1302",NA,NA
"Grid_1303",NA,NA
"Grid_1304",NA,NA
"Grid_1305",NA,NA
"Grid_1306",NA,NA
"Grid_1307",NA,NA
"Grid_1308",NA,NA
"Grid_1309",0.1397892915344,0.69012642592562
"Grid_131",0.980410519474465,0.998544181662086
"Grid_1310",0.649911932168719,0.962181462769397
"Grid_1311",0.99127834671787,0.999358422066886
"Grid_1312",0.782094427342175,0.980075221688275
"Grid_1313",0.0160065534428611,0.182295884267681
"Grid_1314",0.997814345192728,0.999840196103438
"Grid_1315",0.810936682011529,0.983272949647629
"Grid_1316",0.999999215278253,0.999999942741371
"Grid_1317",0.99978946527102,0.999984634968345
"Grid_1318",0.000104465690475266,0.0014297915050208
"Grid_1319",2.70467296758796e-09,3.70672018016143e-08
"Grid_132",0.010916354636917,0.131385318399006
"Grid_1320",7.27777446451497e-09,9.97409750834911e-08
"Grid_1321",3.11129705119655e-07,4.26397664841576e-06
"Grid_1322",0.873058337235369,0.989502096399969
"Grid_1323",0.000517878569980138,0.00705106763169644
"Grid_1324",2.83409331136089e-05,0.000388269122917495
"Grid_1325",0.997554210388425,0.999821133155571
"Grid_1326",0.991360947786882,0.999364547381495
"Grid_1327",NA,NA
"Grid_1328",NA,NA
"Grid_1329",NA,NA
"Grid_133",0.0443359792115847,0.388681387648291
"Grid_1330",NA,NA
"Grid_1331",NA,NA
"Grid_1332",NA,NA
"Grid_1333",NA,NA
"Grid_1334",NA,NA
"Grid_1335",1.40785324461849e-06,1.92941066610275e-05
"Grid_1336",0.160145880456655,0.723243620797332
"Grid_1337",0.932741128783089,0.994765992745499
"Grid_1338",0.698258972069506,0.969432470101929
"Grid_1339",0.204900290734153,0.779337102877817
"Grid_134",0.664919543686412,0.964533190693309
"Grid_1340",0.970106337392906,0.997756586477655
"Grid_1341",0.990578052001687,0.999306453416238
"Grid_1342",0.228083234933733,0.801959326413318
"Grid_1343",0.970971880852386,0.997823338755238
"Grid_1344",0.986599658069913,0.999009921421925
"Grid_1345",1.26123275039312e-07,1.72850086249151e-06
"Grid_1346",1.58389779535745e-06,2.17066833997054e-05
"Grid_1347",1.69593170437643e-05,0.000232375239537512
"Grid_1348",0.999985489791977,0.999998941223182
"Grid_1349",0.938425556587446,0.995235127243872
"Grid_135",0.982054539288663,0.998668426120009
"Grid_1350",0.294248750307471,0.851056847385966
"Grid_1351",0.92766783553468,0.994342819351062
"Grid_1352",0.999425250771379,0.999958040065755
"Grid_1353",NA,NA
"Grid_1354",NA,NA
"Grid_1355",NA,NA
"Grid_1356",NA,NA
"Grid_1357",NA,NA
"Grid_1358",NA,NA
"Grid_1359",NA,NA
"Grid_136",0.706495815736158,0.970578795747123
"Grid_1360",NA,NA
"Grid_1361",3.79780680632231e-08,5.20484398274605e-07
"Grid_1362",0.890418518310753,0.991100093482284
"Grid_1363",0.874689688350749,0.989654738925805
"Grid_1364",0.161509414286145,0.725261319777084
"Grid_1365",0.0463873421633255,0.399996572972422
"Grid_1366",0.981189756743183,0.998603119458492
"Grid_1367",0.0284591986635419,0.286455771961439
"Grid_1368",0.999934258990395,0.999995202800487
"Grid_1369",0.999762361871434,0.999982656499724
"Grid_137",0.84262160296659,0.986555062100843
"Grid_1370",0.0781916450646124,0.537573287849449
"Grid_1371",2.17133934376395e-05,0.000297497258586427
"Grid_1372",0.0142011859922115,0.164877554525693
"Grid_1373",0.999131142366802,0.999936551185545
"Grid_1374",0.701897454906433,0.969941822469321
"Grid_1375",0.580547636793164,0.949920828274325
"Grid_1376",0.986043165806223,0.998968266274101
"Grid_1377",0.997194596786082,0.999794765118442
"Grid_1378",0.934027395008552,0.994872609012345
"Grid_1379",NA,NA
"Grid_138",0.997539338424307,0.99982004304416
"Grid_1380",NA,NA
"Grid_1381",NA,NA
"Grid_1382",NA,NA
"Grid_1383",NA,NA
"Grid_1384",NA,NA
"Grid_1385",NA,NA
"Grid_1386",NA,NA
"Grid_1387",0.387046309999568,0.896414589431969
"Grid_1388",0.0235756537737676,0.248630225096167
"Grid_1389",0.00888113356001412,0.109373773240756
"Grid_139",0.379600548350164,0.893452999414372
"Grid_1390",0.751971934841123,0.976498492891725
"Grid_1391",0.533378197839126,0.939995933350924
"Grid_1392",0.435977579932018,0.913745383209403
"Grid_1393",0.999773919129915,0.999983500157833
"Grid_1394",0.484413820581952,0.927934561174056
"Grid_1395",0.999985486647488,0.999998940993733
"Grid_1396",0.970435563313869,0.997781989955819
"Grid_1397",0.982524881218472,0.998703900722757
"Grid_1398",0.00572306033745086,0.0731174006662869
"Grid_1399",0.195995726634932,0.769632954274864
"Grid_14",7.39553159278488e-16,1.01354830948119e-14
"Grid_140",0.987669968580516,0.999089915216907
"Grid_1400",0.999958638951399,0.999996981903399
"Grid_1401",0.930664711087517,0.994593308883176
"Grid_1402",0.999999591729041,0.999999970209788
"Grid_1403",0.517781225389248,0.936368857603993
"Grid_1404",0.99998878509121,0.999999181676159
"Grid_1405",NA,NA
"Grid_1406",NA,NA
"Grid_1407",NA,NA
"Grid_1408",NA,NA
"Grid_1409",NA,NA
"Grid_141",0.999999432144596,0.999999958565421
"Grid_1410",NA,NA
"Grid_1411",NA,NA
"Grid_1412",NA,NA
"Grid_1413",0.999999999998592,0.999999999999897
"Grid_1414",0.189157871810832,0.761743153948126
"Grid_1415",0.185406730636381,0.757241404198624
"Grid_1416",0.0041311157236083,0.0537930757179134
"Grid_1417",0.88440271144205,0.990552863663484
"Grid_1418",0.0412333246008671,0.370831947294255
"Grid_1419",0.997870701480133,0.99984432473646
"Grid_142",0.00786710147791724,0.0980204413524069
"Grid_1420",0.996510519495252,0.999744557662091
"Grid_1421",0.999312212662624,0.99994978238137
"Grid_1422",0.943029470683929,0.995611261215158
"Grid_1423",0.999865654072782,0.999990195994643
"Grid_1424",0.177460085544159,0.747269135428579
"Grid_1425",0.999998914116722,0.999999920766558
"Grid_1426",0.999999959109146,0.999999997016328
"Grid_1427",0.996815380830487,0.9997669406723
"Grid_1428",0.999938778952396,0.9999955326462
"Grid_1429",0.109462520516448,0.627500455298093
"Grid_143",0.886644444569193,0.990757580872462
"Grid_1430",0.999932689592041,0.99999508827248
"Grid_1431",NA,NA
"Grid_1432",NA,NA
"Grid_1433",NA,NA
"Grid_1434",NA,NA
"Grid_1435",NA,NA
"Grid_1436",NA,NA
"Grid_1437",NA,NA
"Grid_1438",NA,NA
"Grid_1439",NA,NA
"Grid_144",0.996293063139368,0.999728584194201
"Grid_1440",1.87444807657074e-11,2.5689075287294e-10
"Grid_1441",0.000455448688213992,0.0062059567654106
"Grid_1442",0.4174992397254,0.907602265691412
"Grid_1443",0.148912505494669,0.705701034480609
"Grid_1444",0.988553161224393,0.999155803212923
"Grid_1445",0.977114617664304,0.998293933179683
"Grid_1446",0.896375534214159,0.991635321734269
"Grid_1447",0.979779506299437,0.998496391242726
"Grid_1448",0.335263708812915,0.873611863452432
"Grid_1449",0.977873129040141,0.998351663105103
"Grid_145",4.48895859539875e-13,6.15206133404982e-12
"Grid_1450",0.749756807715208,0.976225203268728
"Grid_1451",0.999666512182425,0.999975658955999
"Grid_1452",0.999999980826406,0.999999998600965
"Grid_1453",0.99999996519403,0.999999997460322
"Grid_1454",0.999952169328541,0.999996509797076
"Grid_1455",0.999999616443214,0.999999972013102
"Grid_1456",0.999118179538048,0.999935603793256
"Grid_1457",NA,NA
"Grid_1458",NA,NA
"Grid_1459",NA,NA
"Grid_146",7.12415796797477e-06,9.7626853172556e-05
"Grid_1460",NA,NA
"Grid_1461",NA,NA
"Grid_1462",NA,NA
"Grid_1463",NA,NA
"Grid_1464",NA,NA
"Grid_1465",NA,NA
"Grid_1466",0.940367788896908,0.995394219615857
"Grid_1467",0.982165817102629,0.998676821868035
"Grid_1468",0.316829528501751,0.864053234543992
"Grid_1469",4.45734080252516e-06,6.10838362886201e-05
"Grid_147",0.196327134603249,0.770005378885985
"Grid_1470",1.74016258545947e-05,0.000238434380781351
"Grid_1471",0.999999832851195,0.999999987803695
"Grid_1472",0.0172873765878575,0.194256091307369
"Grid_1473",0.999778020752816,0.999983799564235
"Grid_1474",0.00050558615365964,0.00688477099293104
"Grid_1475",0.971629361113473,0.997873971297193
"Grid_1476",0.999999995407782,0.999999999664921
"Grid_1477",0.997878447888093,0.999844892200587
"Grid_1478",0.999999998391989,0.999999999882669
"Grid_1479",0.999997023270532,0.999999782797156
"Grid_148",1.0163226196768e-11,1.39285737611193e-10
"Grid_1480",0.999999964903793,0.999999997439144
"Grid_1481",0.999993255946138,0.999999507905299
"Grid_1482",0.999412838095049,0.99995713337687
"Grid_1483",NA,NA
"Grid_1484",NA,NA
"Grid_1485",NA,NA
"Grid_1486",NA,NA
"Grid_1487",NA,NA
"Grid_1488",NA,NA
"Grid_1489",NA,NA
"Grid_149",5.81123206070013e-08,7.96421461880716e-07
"Grid_1490",NA,NA
"Grid_1491",NA,NA
"Grid_1492",6.21268317399476e-14,8.51440420386139e-13
"Grid_1493",0.291094780177394,0.849115252200757
"Grid_1494",0.301235216581211,0.855242953325997
"Grid_1495",0.000133235472159243,0.00182288972160132
"Grid_1496",0.00366050465884193,0.0479373689264773
"Grid_1497",0.999999999967155,0.999999999997603
"Grid_1498",0.806794868488021,0.982826557664099
"Grid_1499",0.908330938912801,0.992690001852242
"Grid_15",0.999999990183217,0.999999999283701
"Grid_150",1.52660717155113e-10,2.09219593690337e-09
"Grid_1500",0.000975894344841393,0.0132107147714245
"Grid_1501",0.964219246810345,0.997299623746012
"Grid_1502",0.999999858975417,0.999999989709895
"Grid_1503",0.873705051332436,0.989562670808608
"Grid_1504",0.999897328452106,0.999992507678746
"Grid_1505",0.999999982771646,0.999999998742903
"Grid_1506",0.999999911526371,0.999999993544367
"Grid_1507",0.999999980873043,0.999999998604368
"Grid_1508",0.999798053009129,0.999985261827276
"Grid_1509",NA,NA
"Grid_151",2.12741373992502e-08,2.91559300344677e-07
"Grid_1510",NA,NA
"Grid_1511",NA,NA
"Grid_1512",NA,NA
"Grid_1513",NA,NA
"Grid_1514",NA,NA
"Grid_1515",NA,NA
"Grid_1516",NA,NA
"Grid_1517",NA,NA
"Grid_1518",3.01224891710225e-05,0.000412666999380547
"Grid_1519",0.00973417035739494,0.118722946923199
"Grid_152",2.26494524257677e-14,3.10407898726326e-13
"Grid_1520",0.000133928099518979,0.00183234995458763
"Grid_1521",0.0292557969476673,0.292301221516853
"Grid_1522",0.999925866114974,0.999994590320312
"Grid_1523",0.0441629657614341,0.38770978033428
"Grid_1524",0.909575977941338,0.992798369469037
"Grid_1525",0.208057777191572,0.782633379345197
"Grid_1526",0.999224911092816,0.999943403622893
"Grid_1527",0.999547732304327,0.99996698565883
"Grid_1528",0.999904716566372,0.9999930468643
"Grid_1529",0.987206256887295,0.999055277653309
"Grid_153",5.5863217989901e-21,7.65598381204712e-20
"Grid_1530",0.999987294479305,0.999999072908656
"Grid_1531",0.999999614776941,0.999999971891519
"Grid_1532",0.999999851160379,0.999999989139657
"Grid_1533",0.999989454417232,0.999999230515682
"Grid_1534",0.998444302699521,0.999886321894984
"Grid_1535",NA,NA
"Grid_1536",NA,NA
"Grid_1537",NA,NA
"Grid_1538",NA,NA
"Grid_1539",NA,NA
"Grid_154",1.3442591391392e-14,1.84229025443985e-13
"Grid_1540",NA,NA
"Grid_1541",NA,NA
"Grid_1542",NA,NA
"Grid_1543",NA,NA
"Grid_1544",NA,NA
"Grid_1545",0.059546829703592,0.464597530234545
"Grid_1546",2.47947395961339e-06,3.39798085641899e-05
"Grid_1547",2.13504800834166e-07,2.92604852334201e-06
"Grid_1548",0.951928473727815,0.996328773247847
"Grid_1549",0.998376055316899,0.999881327394849
"Grid_155",0.9999121091651,0.999993586369738
"Grid_1550",1.01297949074012e-05,0.000138809701511132
"Grid_1551",0.605933335997391,0.954696164476906
"Grid_1552",0.993197821558344,0.999500517555329
"Grid_1553",0.801806601610474,0.982283362943249
"Grid_1554",0.999999999996217,0.999999999999724
"Grid_1555",0.974136401009738,0.998066458092145
"Grid_1556",0.712296401185966,0.971371740064804
"Grid_1557",0.999997273099988,0.999999801026493
"Grid_1558",0.784719751013453,0.980375128076422
"Grid_1559",0.999999999999854,0.999999999999989
"Grid_156",0.999881096596991,0.999991323049875
"Grid_1560",0.999942552983718,0.999995808055259
"Grid_1561",NA,NA
"Grid_1562",NA,NA
"Grid_1563",NA,NA
"Grid_1564",NA,NA
"Grid_1565",NA,NA
"Grid_1566",NA,NA
"Grid_1567",NA,NA
"Grid_1568",NA,NA
"Grid_1569",NA,NA
"Grid_157",0.0294860764689351,0.293974978251803
"Grid_1570",NA,NA
"Grid_1571",5.99487701742788e-06,8.21527789412748e-05
"Grid_1572",1.04582043866659e-15,1.43328376646451e-14
"Grid_1573",0.994900128025945,0.999626111315294
"Grid_1574",0.999515107187716,0.999964603040911
"Grid_1575",1.64975571893163e-06,2.26092208852522e-05
"Grid_1576",0.84918367735613,0.987206782515518
"Grid_1577",0.0242936162140059,0.254416103153607
"Grid_1578",0.885293738157819,0.99063434708381
"Grid_1579",0.999985575346502,0.999998947465985
"Grid_158",0.0461050231846904,0.398461391217759
"Grid_1580",0.999764269255072,0.999982795736384
"Grid_1581",0.984991942030428,0.998889460028845
"Grid_1582",0.997586946502899,0.999823532598787
"Grid_1583",0.999966757327594,0.999997574315815
"Grid_1584",0.898219222586685,0.99179965143318
"Grid_1585",0.999999544666246,0.999999966775766
"Grid_1586",0.999998994963745,0.999999926665713
"Grid_159",0.120888924826996,0.653330771949175
"Grid_16",0.180611847203918,0.751297421768623
"Grid_160",0.183484357073596,0.75488443984894
"Grid_161",0.48143116426568,0.927131707838316
"Grid_162",0.140145819148447,0.690759449024396
"Grid_163",0.918261888939986,0.993546856336424
"Grid_164",0.579856645552656,0.949785698198445
"Grid_165",0.87300641132792,0.989497229194931
"Grid_166",0.997436741764357,0.999812521912649
"Grid_167",0.00379383252354163,0.0496031193400468
"Grid_168",0.00841630242381594,0.104202224689583
"Grid_169",0.995801915961973,0.999692482709118
"Grid_17",1.11399538117329e-09,1.52671664668355e-08
"Grid_170",0.970001909140907,0.997748525332922
"Grid_171",2.40640483073698e-06,3.29784674955519e-05
"Grid_172",1.20948043465542e-11,1.6575777336996e-10
"Grid_173",1.9573877153123e-10,2.68257525511204e-09
"Grid_174",1.53149748004197e-08,2.09889763888991e-07
"Grid_175",1.96523256068922e-09,2.69332645652473e-08
"Grid_176",1.65565020489961e-07,2.26904302335388e-06
"Grid_177",1.03526333337604e-08,1.41881519973897e-07
"Grid_178",2.41344539855067e-10,3.30759657441286e-09
"Grid_179",0.000109868828211325,0.00150363959653963
"Grid_18",1.76958963531579e-08,2.42519980830461e-07
"Grid_180",1.16011969273208e-08,1.58992922321217e-07
"Grid_181",0.999585883548943,0.999969771667957
"Grid_182",0.242263120375752,0.814185561251382
"Grid_183",0.00657846241808284,0.0832030142970983
"Grid_184",0.00416091315543887,0.054161599588823
"Grid_185",0.00778159509983597,0.0970509222008006
"Grid_186",0.341896976647995,0.876846404893612
"Grid_187",0.670695013410724,0.965413121358806
"Grid_188",0.20756043290204,0.782118998534246
"Grid_189",0.5403121113126,0.941549724467375
"Grid_19",1.26402760372195e-08,1.73233366536562e-07
"Grid_190",0.999783240244393,0.999984180568468
"Grid_191",0.781742757327007,0.980034909332266
"Grid_192",0.987994632231087,0.999114148477986
"Grid_193",0.999993194126478,0.999999503394463
"Grid_194",0.296771221144145,0.852586213848645
"Grid_195",0.866548111158152,0.988887699857343
"Grid_196",0.294633901317014,0.851291700114167
"Grid_197",0.993742713524574,0.99954076229898
"Grid_198",2.00999448508584e-10,2.75467217151828e-09
"Grid_199",0.00337294036120419,0.0443262217347877
"Grid_2",0.114967000430738,0.640324250838972
"Grid_20",1.98083473310777e-13,2.7147091049637e-12
"Grid_200",3.43765397812314e-09,4.7112613640022e-08
"Grid_201",2.76037397261208e-06,3.78292516686467e-05
"Grid_202",2.02798633307287e-12,2.77932978001115e-11
"Grid_203",2.15443912069394e-07,2.95262365426969e-06
"Grid_204",0.00447315554414825,0.0580074217454002
"Grid_205",8.4717607981587e-16,1.16104416938464e-14
"Grid_206",8.48729968827156e-06,0.000116304834315309
"Grid_207",2.4318509510742e-10,3.332821152655e-09
"Grid_208",0.999443120476065,0.999959345328787
"Grid_209",0.0754518617634351,0.527956138274743
"Grid_21",1.01607494641382e-11,1.39251794301806e-10
"Grid_210",0.0751993331888542,0.527052482086776
"Grid_211",0.00106993873178994,0.0144667233465357
"Grid_212",0.0086277539687669,0.106561585634649
"Grid_213",0.0032039818846566,0.0421926664499994
"Grid_214",0.818728520390256,0.98410156319013
"Grid_215",0.136629883956668,0.68442523394291
"Grid_216",0.999664779204616,0.999975532427833
"Grid_217",0.107531015900443,0.622820962672438
"Grid_218",0.999996279973603,0.999999728560865
"Grid_219",0.99292707259157,0.99948050530201
"Grid_22",0.0008105730057007,0.0109955663130544
"Grid_220",0.995142762427644,0.999643980115432
"Grid_221",0.979326909370652,0.998462078251359
"Grid_222",0.645609830721611,0.961489341166919
"Grid_223",0.495809047758833,0.930925097258345
"Grid_224",5.2465023768776e-09,7.19026508589541e-08
"Grid_225",4.87013919300357e-09,6.67446413913311e-08
"Grid_226",1.31538806410883e-06,1.80269268267464e-05
"Grid_227",6.41448079216104e-05,0.000878380692462478
"Grid_228",1.27737886117137e-07,1.75062883300672e-06
"Grid_229",0.000290912439166711,0.00397223700282324
"Grid_23",3.44633798406163e-06,4.72295609475073e-05
"Grid_230",0.999805480725691,0.999985804002791
"Grid_231",6.40234099378563e-21,8.77432786211665e-20
"Grid_232",7.55395224149971e-18,1.03525966027152e-16
"Grid_233",0.00973840765685291,0.118768937064648
"Grid_234",0.999919248545401,0.999994107388495
"Grid_235",NA,NA
"Grid_236",NA,NA
"Grid_237",0.080039215243354,0.543871197924946
"Grid_238",0.00294018711490878,0.038843892606892
"Grid_239",0.119844706736036,0.651093661812396
"Grid_24",0.999999891475303,0.999999992081306
"Grid_240",0.1635126242389,0.728184382656983
"Grid_241",0.0206021313360396,0.223776645435874
"Grid_242",0.992465430988,0.999446359999742
"Grid_243",0.997365773585218,0.99980731855514
"Grid_244",0.966300599204712,0.9974617690701
"Grid_245",0.999996015152842,0.99999970923762
"Grid_246",0.00168183146603286,0.02256708757349
"Grid_247",0.968445538655015,0.997628193662273
"Grid_248",0.869365092248437,0.989154585456562
"Grid_249",0.932051342302618,0.994708705821093
"Grid_25",0.938402209032819,0.995233211100279
"Grid_250",0.999974697602096,0.999998153723205
"Grid_251",1.97176751554224e-09,2.70228252956614e-08
"Grid_252",1.33476882346587e-08,1.82928358588073e-07
"Grid_253",6.25762043606193e-08,8.57598333862046e-07
"Grid_254",8.09718031073112e-08,1.10970724278971e-06
"Grid_255",0.077121857657011,0.533858377522662
"Grid_256",1.86671309186553e-07,2.55830076266535e-06
"Grid_257",0.999999999999784,0.999999999999984
"Grid_258",0.999906591828995,0.999993183720038
"Grid_259",2.87264791274289e-21,3.93692785862182e-20
"Grid_26",0.999997474473588,0.99999981572014
"Grid_260",2.07938828158198e-08,2.84977475158875e-07
"Grid_261",NA,NA
"Grid_262",0.0043535244426943,0.0565373680201922
"Grid_263",0.622166037208763,0.957568396855046
"Grid_264",0.021533943716587,0.231723637718975
"Grid_265",0.0450556547594425,0.392693784228691
"Grid_266",0.0888586889318072,0.572020834782936
"Grid_267",0.999778079771199,0.999983803872387
"Grid_268",0.763377467712692,0.977882881367497
"Grid_269",0.808763673445059,0.983039268994467
"Grid_27",0.00176975557809959,0.0237209241160029
"Grid_270",0.0338611982739122,0.324474010939775
"Grid_271",0.99999989589274,0.999999992403632
"Grid_272",0.999997045632119,0.999999784428817
"Grid_273",0.797647148398873,0.981825693493676
"Grid_274",0.805845174823809,0.982723613431237
"Grid_275",0.941077795738956,0.995452226527344
"Grid_276",0.999999999999833,0.999999999999988
"Grid_277",0.00760032531900443,0.0949892311750789
"Grid_278",2.28259679850586e-09,3.1282701320856e-08
"Grid_279",2.04844654333395e-06,2.80729718045746e-05
"Grid_28",0.247190671910178,0.818185116540465
"Grid_280",3.21771911570756e-06,4.40966333494876e-05
"Grid_281",3.72795054952301e-09,5.10910913020129e-08
"Grid_282",0.0478264665758142,0.407715718394662
"Grid_283",1.589757028578e-15,2.17874202629741e-14
"Grid_284",0.913664452906143,0.993152315861386
"Grid_285",0.999984203972679,0.999998847398504
"Grid_286",1.26375990786554e-09,1.73196704195159e-08
"Grid_287",NA,NA
"Grid_288",NA,NA
"Grid_289",1.43579920537012e-06,1.96770887040565e-05
"Grid_29",0.85261962750581,0.987544364746644
"Grid_290",0.999910358232971,0.999993458588899
"Grid_291",0.377577991497017,0.892631823400591
"Grid_292",0.538629277830199,0.941175833084283
"Grid_293",0.108202044871634,0.624457640511192
"Grid_294",0.281383709968132,0.842923501354183
"Grid_295",0.314546914673847,0.862807284557647
"Grid_296",0.99992482400844,0.999994514270669
"Grid_297",0.999875395029496,0.999990906931153
"Grid_298",0.999995641642525,0.999999681983579
"Grid_299",0.000119171737237274,0.00163076460173496
"Grid_3",0.704392944480571,0.970288430464861
"Grid_30",0.421583241575502,0.908999054827125
"Grid_300",0.921262799169658,0.993802430095268
"Grid_301",0.995185796558701,0.999647148519118
"Grid_302",0.999965937414358,0.999997514485686
"Grid_303",0.999999999999554,0.999999999999967
"Grid_304",0.981284179801767,0.99861025528273
"Grid_305",5.2256275548403e-06,7.16118144636363e-05
"Grid_306",3.26595700216428e-05,0.000447409655971105
"Grid_307",0.99999999853136,0.999999999892838
"Grid_308",0.000551210951189109,0.00750174161478956
"Grid_309",0.999399870815086,0.999956186154444
"Grid_31",0.556114066399825,0.944963898547647
"Grid_310",9.12049818777814e-14,1.24995281324425e-12
"Grid_311",0.657698077487165,0.963413534786789
"Grid_312",2.75964985861638e-15,3.78206544569343e-14
"Grid_313",NA,NA
"Grid_314",NA,NA
"Grid_315",2.03427971084427e-05,0.00027872344070147
"Grid_316",0.999999826594805,0.999999987347186
"Grid_317",0.147156737453536,0.702801460655552
"Grid_318",0.0434420236605966,0.383631490767277
"Grid_319",0.0160121107992976,0.182348477006023
"Grid_32",0.98757648823459,0.999082935002231
"Grid_320",0.508484070513846,0.934115143971361
"Grid_321",0.994080500001401,0.999565690075368
"Grid_322",0.998323002181989,0.999877444407373
"Grid_323",0.999099707193771,0.999934253696971
"Grid_324",0.999999964015185,0.999999997374305
"Grid_325",0.0163884323781564,0.185895542284739
"Grid_326",0.688568096671787,0.968052273663653
"Grid_327",0.0315702112534062,0.308805329010567
"Grid_328",0.999999931480256,0.999999995000337
"Grid_329",0.184532290999484,0.756173548075953
"Grid_33",1.29812735106915e-05,0.000177877385363693
"Grid_330",0.00576104260575568,0.0735695640131098
"Grid_331",0.999999980202079,0.99999999855541
"Grid_332",2.30778527490869e-07,3.16278143981272e-06
"Grid_333",0.999968001646751,0.999997665115219
"Grid_334",0.000145910043642533,0.00199597872593295
"Grid_335",0.999999999999461,0.999999999999961
"Grid_336",3.69906988177331e-13,5.06952878000586e-12
"Grid_337",NA,NA
"Grid_338",4.38292643182222e-10,6.00674555315409e-09
"Grid_339",NA,NA
"Grid_34",0.99999999999999,0.999999999999999
"Grid_340",NA,NA
"Grid_341",NA,NA
"Grid_342",0.0424120621589713,0.377720888315688
"Grid_343",0.137112053433783,0.685306108242269
"Grid_344",0.011331176380791,0.135749666983701
"Grid_345",0.0477857550589117,0.40749976487047
"Grid_346",0.016289429439931,0.18496510198498
"Grid_347",0.107822990160339,0.623534551651844
"Grid_348",0.415473839047617,0.906900984861936
"Grid_349",0.998068192703498,0.999858789432466
"Grid_35",0.526460126844197,0.93841020820898
"Grid_350",0.999500670927644,0.99996354871232
"Grid_351",1.13882162604843e-09,1.56074070227451e-08
"Grid_352",0.876128394863942,0.989788923220616
"Grid_353",0.935756040962312,0.995015467500296
"Grid_354",0.993287368081155,0.999507134110228
"Grid_355",0.999177527016822,0.999939941035171
"Grid_356",0.999839116031335,0.999988259070197
"Grid_357",0.519487539086275,0.936774874944088
"Grid_358",0.981958270306329,0.99866116134508
"Grid_359",2.44892980207998e-06,3.35612309337785e-05
"Grid_36",0.999818529695254,0.999986756475519
"Grid_360",0.99999999999999,0.999999999999999
"Grid_361",0.999999999886161,0.999999999991694
"Grid_362",3.36286995262345e-06,4.60857410217445e-05
"Grid_363",1.2942123613427e-06,1.77367261034542e-05
"Grid_364",1,1
"Grid_365",NA,NA
"Grid_366",NA,NA
"Grid_367",1,1
"Grid_368",0.0173274400024027,0.194625054293049
"Grid_369",0.179866460558952,0.750353604326994
"Grid_37",8.27167290412662e-05,0.00113243229550141
"Grid_370",0.00268177995910296,0.0355424658442996
"Grid_371",0.10438983209935,0.614999920540573
"Grid_372",0.0198042654242536,0.216852546734431
"Grid_373",0.227514005934101,0.801444884360484
"Grid_374",0.999778042638259,0.999983801161802
"Grid_375",0.99027977517636,0.999284297709921
"Grid_376",0.999882087707289,0.999991395383842
"Grid_377",0.469201169046682,0.923748310244633
"Grid_378",0.954011629707889,0.99649494856661
"Grid_379",0.99996793998192,0.99999766061547
"Grid_38",0.984679046455854,0.998865973348375
"Grid_380",0.997266995218987,0.999800075023666
"Grid_381",0.99728474275413,0.999801376568888
"Grid_382",0.999976360001511,0.999998275028575
"Grid_383",0.998684317835573,0.999903881728005
"Grid_384",0.999999996408845,0.999999999737965
"Grid_385",0.999452589855924,0.999960036986442
"Grid_386",0.312972563602109,0.861939473052891
"Grid_387",0.999999999886926,0.999999999991749
"Grid_388",1.44428645457106e-08,1.97937606980911e-07
"Grid_389",5.28206626808842e-10,7.23900538249962e-09
"Grid_39",0.999994473152643,0.9999995967219
"Grid_390",4.43113052624126e-13,6.07280869210093e-12
"Grid_391",NA,NA
"Grid_392",NA,NA
"Grid_393",NA,NA
"Grid_394",1,1
"Grid_395",0.00302016067845815,0.0398614098370167
"Grid_396",0.168406925248617,0.735126756139058
"Grid_397",0.00608331166028553,0.077389745493711
"Grid_398",0.00815529338236134,0.101274064680425
"Grid_399",0.100147482039698,0.604001102877152
"Grid_4",0.954494306109035,0.996533356500001
"Grid_40",0.0931755105377283,0.58474609105339
"Grid_400",0.127466959895701,0.666902413721049
"Grid_401",0.992900550198578,0.999478544370845
"Grid_402",0.38144325031407,0.894194868306181
"Grid_403",0.974494309837398,0.99809386304879
"Grid_404",0.993535227275061,0.999525442558821
"Grid_405",0.998515933235162,0.999891563301337
"Grid_406",0.996543839172245,0.999747004620511
"Grid_407",0.979457363470945,0.99847197145404
"Grid_408",0.999660493769322,0.99997521953791
"Grid_409",0.995984351174984,0.999705896354441
"Grid_41",0.999997033924779,0.999999783574566
"Grid_410",0.993149550640939,0.999496950378948
"Grid_411",0.988067406321784,0.99911957839448
"Grid_412",0.900639476544127,0.992014431760361
"Grid_413",5.18065847225887e-09,7.10002685414995e-08
"Grid_414",0.999600479931446,0.999970837522192
"Grid_415",8.3740197264173e-10,1.14764886614154e-08
"Grid_416",1,1
"Grid_417",NA,NA
"Grid_418",NA,NA
"Grid_419",NA,NA
"Grid_42",0.000264905626427793,0.00361832052159237
"Grid_420",0.999999999433869,0.999999999958691
"Grid_421",0.0563804820357615,0.450203517141931
"Grid_422",0.572554378593982,0.948340141835689
"Grid_423",0.00323774960065348,0.0426197781578749
"Grid_424",0.307419297978863,0.858821905451163
"Grid_425",0.903341194079205,0.992252939499005
"Grid_426",0.999920781967047,0.999994219293868
"Grid_427",0.992087025081295,0.999418349264992
"Grid_428",0.999999139681339,0.999999937225302
"Grid_429",0.983848710414038,0.998803579305876
"Grid_43",3.05848921373258e-09,4.19162086294564e-08
"Grid_430",0.982640013314157,0.998712579541484
"Grid_431",0.983304657269401,0.998762644547455
"Grid_432",0.998163451376067,0.999865764492603
"Grid_433",0.995912723644019,0.999700630445463
"Grid_434",0.982692816322731,0.998716559276499
"Grid_435",0.994001061902845,0.999559829159125
"Grid_436",0.731912780986699,0.97396923330485
"Grid_437",0.991437381606811,0.999370214519015
"Grid_438",0.99999996021145,0.999999997096759
"Grid_439",0.00129777535579332,0.0174973505468302
"Grid_44",4.02159364071924e-07,5.51151537747282e-06
"Grid_440",0.945275251530068,0.995793511349033
"Grid_441",9.9569297129913e-14,1.36458470247877e-12
"Grid_442",0.999926876286239,0.999994664039279
"Grid_443",NA,NA
"Grid_444",NA,NA
"Grid_445",NA,NA
"Grid_446",NA,NA
"Grid_447",0.302611003459073,0.856049211041161
"Grid_448",0.0528384885278968,0.433280733772192
"Grid_449",0.285908904116958,0.845849788470137
"Grid_45",8.38704620684611e-08,1.14943291632753e-06
"Grid_450",0.0388424011048891,0.356434258488493
"Grid_451",0.203814016532775,0.778186046546122
"Grid_452",0.775058213632909,0.979262337059377
"Grid_453",0.99922931924666,0.99994372573292
"Grid_454",0.940901920879921,0.995437865238976
"Grid_455",0.960355145357969,0.99699687297977
"Grid_456",0.999263484685655,0.999946222160466
"Grid_457",0.993318187778393,0.999509411109003
"Grid_458",0.927500370748068,0.994328778028909
"Grid_459",0.999554015986117,0.999967444540641
"Grid_46",7.81578473522966e-06,0.000107103712199786
"Grid_460",0.998161277464529,0.999865605327536
"Grid_461",0.990756618505935,0.9993197112449
"Grid_462",0.703634406326278,0.970183308139218
"Grid_463",0.00470610399663738,0.0608578452252435
"Grid_464",0.84188823023346,0.986481649093598
"Grid_465",0.95209159316014,0.996341809676262
"Grid_466",0.990024404960458,0.99926531923742
"Grid_467",0.999999999999473,0.999999999999961
"Grid_468",2.01277300944552e-14,2.75848011126428e-13
"Grid_469",NA,NA
"Grid_47",2.11822097437533e-15,2.90299522184481e-14
"Grid_470",NA,NA
"Grid_471",NA,NA
"Grid_472",0.0884188100916721,0.570687241320478
"Grid_473",0.69173987142216,0.968507827301684
"Grid_474",0.0138597633179743,0.161507088157255
"Grid_475",0.0556196670833041,0.446643787671783
"Grid_476",0.0446245298977302,0.390295763592233
"Grid_477",0.0301076464601182,0.298457412453388
"Grid_478",0.247414606589478,0.818364006917697
"Grid_479",0.710224442546385,0.971089840415788
"Grid_48",5.49125901367182e-11,7.52570145434501e-10
"Grid_480",0.833121587327216,0.985594936435335
"Grid_481",0.946893400613617,0.995924333032267
"Grid_482",0.961193479626043,0.997062747242068
"Grid_483",0.996461573716771,0.999740962865877
"Grid_484",0.990010276447327,0.999264268977063
"Grid_485",0.345706294307189,0.878658216703367
"Grid_486",0.995981194793918,0.999705664318571
"Grid_487",0.212290745560266,0.786940182653716
"Grid_488",0.619395379937608,0.957087607342733
"Grid_489",0.980891895234856,0.998580600867187
"Grid_49",6.58420160097835e-08,9.02355799016373e-07
"Grid_490",0.854269907823685,0.987705620927247
"Grid_491",0.973886514664861,0.99804731333182
"Grid_492",0.826246562861639,0.984887534503121
"Grid_493",0.461433706146099,0.921519905329392
"Grid_494",1.09377174605934e-14,1.49900043055477e-13
"Grid_495",NA,NA
"Grid_496",NA,NA
"Grid_497",NA,NA
"Grid_498",NA,NA
"Grid_499",0.130960400353975,0.673763780202384
"Grid_5",0.999756678026718,0.999982241583128
"Grid_50",0.999991018815707,0.999999344666805
"Grid_500",0.00615757234249663,0.0782659195686031
"Grid_501",0.00896914560316948,0.110346790336283
"Grid_502",0.367441120532263,0.888403995489534
"Grid_503",0.0388856995643191,0.356700198812177
"Grid_504",0.00648557011150195,0.0821175706369175
"Grid_505",0.517548729886058,0.936313355412221
"Grid_506",0.996637928341019,0.999753913601218
"Grid_507",0.781579562446843,0.980016190911368
"Grid_508",0.947926117185013,0.996007608965791
"Grid_509",0.835111357479994,0.985797686655951
"Grid_51",0.999999999999735,0.999999999999981
"Grid_510",0.0604557628768001,0.468608483393892
"Grid_511",0.984991283386365,0.998889410603979
"Grid_512",0.999935446774705,0.999995289479705
"Grid_513",0.999520227904509,0.999964977017285
"Grid_514",0.999932473331462,0.999995072490677
"Grid_515",0.999746292420275,0.999981483429995
"Grid_516",0.99844828928935,0.999886613623215
"Grid_517",0.00267041452741161,0.0353967789936257
"Grid_518",0.0964832144521353,0.59407228939719
"Grid_519",0.000993565083732687,0.0134469422342974
"Grid_52",0.999999736713952,0.999999980788871
"Grid_520",1.65001557602892e-08,2.26132513415312e-07
"Grid_521",NA,NA
"Grid_522",NA,NA
"Grid_523",NA,NA
"Grid_524",1,1
"Grid_525",0.406968412764652,0.90389218605532
"Grid_526",0.185581899832928,0.757454469364969
"Grid_527",0.0248984556042924,0.259228120017174
"Grid_528",0.017212731016488,0.193567822756207
"Grid_529",0.134734017444695,0.680923091431854
"Grid_53",0.082368826465144,0.551606334702841
"Grid_530",0.151978807635023,0.71065904826076
"Grid_531",0.508975926979815,0.934236160814608
"Grid_532",0.971358243363504,0.997853100206752
"Grid_533",0.593317735705802,0.952368122992306
"Grid_534",0.999004616855845,0.999927303055623
"Grid_535",0.811021953907731,0.98328209632858
"Grid_536",0.000326025898710846,0.00444971272874623
"Grid_537",0.668917555487431,0.965143762163642
"Grid_538",0.997860814340979,0.999843600440927
"Grid_539",0.996746470778323,0.999761882385719
"Grid_54",0.0284403665764479,0.286316530190018
"Grid_540",0.999999657731924,0.999999975025806
"Grid_541",0.996975398436299,0.999778684135304
"Grid_542",0.925915932402488,0.994195696884611
"Grid_543",8.846520859384e-07,1.21239093820753e-05
"Grid_544",0.999999999999999,1
"Grid_545",0.999999683369929,0.999999976896529
"Grid_546",3.18611053081019e-07,4.36650676158692e-06
"Grid_547",NA,NA
"Grid_548",NA,NA
"Grid_549",NA,NA
"Grid_55",0.749598350215476,0.976205597674428
"Grid_550",NA,NA
"Grid_551",2.58099992100263e-06,3.53711196518527e-05
"Grid_552",0.264072197246283,0.83101558803701
"Grid_553",0.568342067379565,0.947491433873392
"Grid_554",0.348877114394268,0.880141722880969
"Grid_555",0.00158983780090807,0.0213571409797012
"Grid_556",0.0365487704405924,0.342061084046178
"Grid_557",0.189042664746065,0.761606771286569
"Grid_558",0.999839115762784,0.999988259050596
"Grid_559",0.987508205078765,0.999077835498214
"Grid_56",0.659531735731957,0.963699910134832
"Grid_560",0.991986786016747,0.999410925953183
"Grid_561",0.000577603517020071,0.00785831629104012
"Grid_562",2.68380990166234e-05,0.000367687401698463
"Grid_563",2.984676739742e-06,4.09030685375194e-05
"Grid_564",0.988287878439549,0.999136024030041
"Grid_565",0.996943423228666,0.999776337799926
"Grid_566",0.999995522565543,0.999999673294848
"Grid_567",0.999938748337962,0.999995530412111
"Grid_568",0.999640433953052,0.999973754889482
"Grid_569",0.999952100532655,0.999996504776819
"Grid_57",0.999969654287857,0.999997785710022
"Grid_570",0.999960560005542,0.999997122086958
"Grid_571",0.999999993977076,0.999999999560527
"Grid_572",0.999998977219582,0.999999925370976
"Grid_573",NA,NA
"Grid_574",NA,NA
"Grid_575",NA,NA
"Grid_576",1,1
"Grid_577",0.673199242881548,0.965790455824542
"Grid_578",0.053158156973425,0.434845352853526
"Grid_579",0.236037547231818,0.808953380079855
"Grid_58",0.0336280350954604,0.322908556022681
"Grid_580",0.0614879985643936,0.473100478599812
"Grid_581",0.0379324853893828,0.350799859579026
"Grid_582",0.271613046478496,0.836347312914368
"Grid_583",0.482622890751209,0.92745351299776
"Grid_584",0.999493062997109,0.999962993068224
"Grid_585",0.999992588922879,0.999999459234148
"Grid_586",0.867840697398794,0.989010358906751
"Grid_587",7.3920781588828e-11,1.01307501975405e-09
"Grid_588",0.517412544774401,0.936280824688879
"Grid_589",0.596602033353218,0.952982571085707
"Grid_59",0.0898014202519774,0.574855490397227
"Grid_590",0.954579226065508,0.996540110110482
"Grid_591",0.945360755791978,0.995800434414708
"Grid_592",0.972465987053149,0.997938308267751
"Grid_593",0.998977459305675,0.999925317745574
"Grid_594",0.981128373254123,0.998598479848326
"Grid_595",0.999735768597697,0.999980715172137
"Grid_596",0.999999999999907,0.999999999999993
"Grid_597",1,1
"Grid_598",0.999999999979975,0.999999999998539
"Grid_599",NA,NA
"Grid_6",0.263108205091455,0.83031704286697
"Grid_60",0.999998945444716,0.999999923052464
"Grid_600",NA,NA
"Grid_601",NA,NA
"Grid_602",NA,NA
"Grid_603",0.999999999999962,0.999999999999997
"Grid_604",0.475308043967022,0.925456434085701
"Grid_605",0.613274650239487,0.956011835604853
"Grid_606",0.146775416483021,0.702165757360679
"Grid_607",0.14246468046134,0.694826838711716
"Grid_608",0.000632875727385392,0.00860429851959158
"Grid_609",0.634991384938192,0.959745333409884
"Grid_61",0.0169858818226811,0.191469572734631
"Grid_610",0.927644199001558,0.994340837795719
"Grid_611",0.999973385002491,0.999998057942482
"Grid_612",0.979135104860371,0.998447528007572
"Grid_613",0.191668641843753,0.764686547980453
"Grid_614",0.0821460952182926,0.550876474372336
"Grid_615",0.00187862148362652,0.0251460931663041
"Grid_616",0.997774577938758,0.999837282514446
"Grid_617",0.032020677209352,0.311937396753982
"Grid_618",1.80483455565251e-05,0.000247293602480054
"Grid_619",0.978056404174881,0.998365599653621
"Grid_62",0.414404630275219,0.90652845551713
"Grid_620",0.999992610184637,0.99999946078557
"Grid_621",0.943813539100705,0.995674981077643
"Grid_622",0.999997649680552,0.999999828504478
"Grid_623",0.980402213360116,0.998543552960001
"Grid_624",0.999999922531809,0.999999994347398
"Grid_625",NA,NA
"Grid_626",NA,NA
"Grid_627",NA,NA
"Grid_628",NA,NA
"Grid_629",2.6324726862943e-06,3.60765007079003e-05
"Grid_63",0.000298682617018264,0.00407793309026935
"Grid_630",0.110091441682143,0.629003490844361
"Grid_631",0.2496413486563,0.820129564919043
"Grid_632",0.314108975438407,0.862566582692815
"Grid_633",0.00987572394530866,0.120256937702718
"Grid_634",0.761889413594794,0.977704394279687
"Grid_635",0.403480846770072,0.902627772696449
"Grid_636",0.990668230123578,0.999313149324367
"Grid_637",0.997420184684676,0.999811308015803
"Grid_638",0.999920289542282,0.999994183357944
"Grid_639",0.76049182157668,0.977536181388428
"Grid_64",0.0272682159614379,0.277552418837609
"Grid_640",0.999821569859177,0.9999869783804
"Grid_641",0.995020009276967,0.999634940974226
"Grid_642",0.858901798487151,0.988155190907207
"Grid_643",0.190526929924529,0.763354916662232
"Grid_644",0.999969127750119,0.999997747288099
"Grid_645",0.999810703088829,0.999986185197224
"Grid_646",0.999999999984833,0.999999999998893
"Grid_647",0.999993528897348,0.999999527821903
"Grid_648",0.992740074812952,0.999466677564347
"Grid_649",0.999999999999996,1
"Grid_65",0.99141428293852,0.999368501968136
"Grid_650",1,1
"Grid_651",NA,NA
"Grid_652",NA,NA
"Grid_653",NA,NA
"Grid_654",NA,NA
"Grid_655",NA,NA
"Grid_656",1.68988603874874e-05,0.000231547044959638
"Grid_657",0.089404125885705,0.573664760004601
"Grid_658",0.953581644010783,0.996460703132249
"Grid_659",0.739905866150912,0.974991937044756
"Grid_66",0.999999982982509,0.999999998758289
"Grid_660",0.144833832279099,0.698895291721521
"Grid_661",0.313876904917668,0.862438813504933
"Grid_662",0.636398478245885,0.959979415833231
"Grid_663",0.639352887896984,0.960467922706545
"Grid_664",0.998756806867547,0.999909183585766
"Grid_665",0.99906274679424,0.999931552217189
"Grid_666",0.484074294035918,0.927843598701119
"Grid_667",0.959252174103689,0.996910042091424
"Grid_668",0.563887152213693,0.94658173890367
"Grid_669",0.000191396186118077,0.00261669774352783
"Grid_67",0.737840823056499,0.974729635948011
"Grid_670",0.00273731421127347,0.0362537423716251
"Grid_671",0.99999450531273,0.999999599068541
"Grid_672",0.988718641646393,0.99916813626604
"Grid_673",0.999999968934861,0.999999997733278
"Grid_674",0.979807837274752,0.998498538139392
"Grid_675",0.990086780222731,0.99926995564717
"Grid_676",1,1
"Grid_677",NA,NA
"Grid_678",NA,NA
"Grid_679",NA,NA
"Grid_68",2.56405356956273e-07,3.51399174278804e-06
"Grid_680",1,1
"Grid_681",0.989536474562083,0.999229032245328
"Grid_682",0.0128591588941515,0.151484524132179
"Grid_683",0.0174256992991216,0.195528668738987
"Grid_684",0.674025851004748,0.96591445706086
"Grid_685",0.149697674279739,0.706983281335533
"Grid_686",0.44134742945833,0.915448723897423
"Grid_687",0.041044813518666,0.369717646317601
"Grid_688",0.34406073719798,0.877879552144981
"Grid_689",0.0532222248162567,0.435158021209821
"Grid_69",1.14466807564506e-08,1.56875298240383e-07
"Grid_690",0.00751318728713227,0.0939950723958186
"Grid_691",0.996327213679108,0.999731093183014
"Grid_692",0.993969241023224,0.999557481181801
"Grid_693",0.00998109529831205,0.121395648968692
"Grid_694",0.00149050808126297,0.0200475903526985
"Grid_695",8.33285390980462e-07,1.14199506486774e-05
"Grid_696",2.38773598302959e-07,3.27235222674986e-06
"Grid_697",0.000976865982832036,0.0132237066263988
"Grid_698",0.999991178782405,0.999999356339246
"Grid_699",0.999764853030162,0.999982838351149
"Grid_7",0.999982995904401,0.99999875924702
"Grid_70",2.76220159732289e-10,3.78556255823365e-09
"Grid_700",0.999617106441661,0.999972051584867
"Grid_701",0.999926384660285,0.999994628162055
"Grid_702",0.997717578678661,0.999833106029288
"Grid_703",NA,NA
"Grid_704",NA,NA
"Grid_705",NA,NA
"Grid_706",NA,NA
"Grid_707",0.999168082057262,0.999939250809086
"Grid_708",0.136532218292658,0.684246328113036
"Grid_709",0.051200591157589,0.4251432353234
"Grid_71",8.60506948821885e-09,1.17931382887407e-07
"Grid_710",0.0896577776897798,0.574425628053432
"Grid_711",0.998957302985277,0.999923844184738
"Grid_712",0.368657454243887,0.888921412593678
"Grid_713",0.262700582153172,0.83002047718745
"Grid_714",0.0191681452219589,0.21125124326601
"Grid_715",0.520007506361571,0.936898141090381
"Grid_716",0.882610504746011,0.990388510853911
"Grid_717",0.999988484993521,0.999999159778547
"Grid_718",0.902480656948118,0.992177113797145
"Grid_719",0.615296804278526,0.956369345792205
"Grid_72",5.33613597946299e-13,7.31310729087597e-12
"Grid_720",0.0762694495088972,0.530861618436938
"Grid_721",7.83422903769328e-05,0.00107260364944812
"Grid_722",9.35336511796095e-05,0.00128034545622273
"Grid_723",0.965650727908273,0.997411211000689
"Grid_724",0.999999646142595,0.99999997418017
"Grid_725",0.999346268304304,0.999952270403745
"Grid_726",0.998627113533312,0.999899697293801
"Grid_727",0.999041497280208,0.999929998980922
"Grid_728",0.999758095662446,0.999982345069931
"Grid_729",NA,NA
"Grid_73",1.31040451133944e-18,1.7958929125533e-17
"Grid_730",NA,NA
"Grid_731",NA,NA
"Grid_732",NA,NA
"Grid_733",0.999999999999911,0.999999999999994
"Grid_734",0.0619388475300016,0.475041756528241
"Grid_735",0.456374616144268,0.920033713001011
"Grid_736",0.115191649053145,0.640832151466749
"Grid_737",0.627705049220367,0.958518269820408
"Grid_738",0.293749440439472,0.850751661255075
"Grid_739",0.185746528412042,0.757654456272787
"Grid_74",5.0087135288812e-10,6.86437889403528e-09
"Grid_740",0.701588665164732,0.969898779356215
"Grid_741",0.838590743550249,0.986150109402094
"Grid_742",0.921669216210502,0.993836924878357
"Grid_743",0.995086772594867,0.999639857463305
"Grid_744",0.995945273050178,0.999703023497974
"Grid_745",0.218547551308697,0.793081480179649
"Grid_746",0.6914194812315,0.968461980880033
"Grid_747",0.984415918080079,0.998846211609804
"Grid_748",0.028028896391205,0.283261913405208
"Grid_749",0.914657485301895,0.99323784463737
"Grid_75",2.20377829549525e-15,3.02025045508516e-14
"Grid_750",0.999619307844156,0.999972212327796
"Grid_751",0.995206333596802,0.999648660476576
"Grid_752",0.999885145394945,0.999991618541493
"Grid_753",0.999860133280594,0.999989793058014
"Grid_754",0.0369079575451183,0.344349611681288
"Grid_755",NA,NA
"Grid_756",NA,NA
"Grid_757",NA,NA
"Grid_758",NA,NA
"Grid_759",NA,NA
"Grid_76",0.999999995025935,0.999999999637059
"Grid_760",0.997015670134601,0.999781639067307
"Grid_761",0.00111046747539876,0.0150070918774688
"Grid_762",0.976604607600577,0.998255069907346
"Grid_763",0.72162179193609,0.972622434850148
"Grid_764",0.988329314255077,0.999139114085452
"Grid_765",0.951047348768885,0.996258282745205
"Grid_766",0.111043570482168,0.631259989024069
"Grid_767",0.140760618844224,0.69184620909452
"Grid_768",0.981259166583095,0.998608365085073
"Grid_769",0.999494799070996,0.999963119862817
"Grid_77",1,1
"Grid_770",0.978935606078566,0.998432388479019
"Grid_771",2.11931402255861e-05,0.000290371138839725
"Grid_772",0.93308006319816,0.994794112706306
"Grid_773",0.0805489526772394,0.545583047815335
"Grid_774",0.997285428195429,0.999801426836012
"Grid_775",0.949422904196953,0.9961280095415
"Grid_776",0.999735979877983,0.999980730596123
"Grid_777",0.999098287189889,0.999934149910613
"Grid_778",0.999990275444843,0.999999290424516
"Grid_779",0.964649488546106,0.997333194266487
"Grid_78",0.982028670504946,0.998666474105829
"Grid_780",0.999470686130067,0.999961358731555
"Grid_781",NA,NA
"Grid_782",NA,NA
"Grid_783",NA,NA
"Grid_784",NA,NA
"Grid_785",1,1
"Grid_786",1.01936686380838e-05,0.000139684856976066
"Grid_787",7.09694638223009e-06,9.72539891812185e-05
"Grid_788",0.0414830734250673,0.372302845487129
"Grid_789",0.442081402865572,0.915678814886584
"Grid_79",0.00398437377819496,0.0519743499333417
"Grid_790",0.999171489168362,0.99993949979799
"Grid_791",0.290768403456333,0.848912440956939
"Grid_792",0.480331224986588,0.926833470662789
"Grid_793",0.284460711507056,0.844921226777473
"Grid_794",0.948160197637619,0.996026461399174
"Grid_795",0.999985635598565,0.999998951862499
"Grid_796",0.0431038233936385,0.381701694844729
"Grid_797",0.0120279351294608,0.142990477557489
"Grid_798",0.685512560584712,0.967609839013819
"Grid_799",0.998779057177409,0.999910810833397
"Grid_8",8.58924795838995e-05,0.00117586247339005
"Grid_80",0.327019558146671,0.869444408323095
"Grid_800",0.999995085550127,0.99999964140698
"Grid_801",0.999999186129366,0.999999940614468
"Grid_802",0.999893879482804,0.999992255969982
"Grid_803",0.994653865262153,0.999607967043969
"Grid_804",0.968081164302645,0.997599970159538
"Grid_805",0.998986469849035,0.999925976458285
"Grid_806",0.115241169281222,0.640943951845324
"Grid_807",NA,NA
"Grid_808",NA,NA
"Grid_809",NA,NA
"Grid_81",0.519159432464952,0.936696981947959
"Grid_810",NA,NA
"Grid_811",NA,NA
"Grid_812",NA,NA
"Grid_813",0.999999984578313,0.99999999887473
"Grid_814",2.29685225740582e-05,0.000314688884951935
"Grid_815",0.280637937858951,0.842434162296899
"Grid_816",0.730960509569459,0.973846045422513
"Grid_817",0.417058630724009,0.907450195575739
"Grid_818",0.0682757973146426,0.501067511625911
"Grid_819",0.342873862935309,0.877314159399827
"Grid_82",0.607151822690756,0.954916484593517
"Grid_820",0.976981727217456,0.998283810413321
"Grid_821",0.996979684290482,0.999778998619964
"Grid_822",0.0419342113629323,0.374944391042156
"Grid_823",0.68760085423151,0.967912600832627
"Grid_824",0.998647212771138,0.999901167582425
"Grid_825",0.999999897493097,0.999999992520405
"Grid_826",0.910874583962657,0.992911108997507
"Grid_827",0.999976138106788,0.999998258836927
"Grid_828",0.999998670463371,0.999999902987927
"Grid_829",0.999067570420683,0.999931904792325
"Grid_83",0.700302500688994,0.969719130031972
"Grid_830",0.9996142923763,0.99997184610531
"Grid_831",0.999907456227314,0.99999324680324
"Grid_832",0.999978149380894,0.999998405599261
"Grid_833",NA,NA
"Grid_834",NA,NA
"Grid_835",NA,NA
"Grid_836",NA,NA
"Grid_837",0.999998562869363,0.999999895137123
"Grid_838",2.41373828798771e-09,3.30799788440309e-08
"Grid_839",6.09798508612275e-07,8.35714716978503e-06
"Grid_84",0.0242836638894272,0.254336451224501
"Grid_840",2.98717909657015e-11,4.09389140498163e-10
"Grid_841",0.698103830557361,0.969410645729512
"Grid_842",0.144295056891114,0.697977667523838
"Grid_843",0.653436134396838,0.962742375349544
"Grid_844",0.281434951577901,0.842957049176483
"Grid_845",0.624512007594646,0.957972528850316
"Grid_846",0.599489739437727,0.953517905617249
"Grid_847",0.896593891623356,0.991654816571756
"Grid_848",0.987771646791133,0.99909750618006
"Grid_849",3.67110760683142e-10,5.03120681020857e-09
"Grid_85",0.00144808823122819,0.0194873433654374
"Grid_850",0.999991977092683,0.999999414590254
"Grid_851",0.990761210602987,0.999320052130833
"Grid_852",0.999997995176066,0.999999853714261
"Grid_853",0.999808082078098,0.999985993883012
"Grid_854",0.999412294081876,0.999957093638734
"Grid_855",0.889320593779921,0.991000727806774
"Grid_856",0.999449136223444,0.999959784729373
"Grid_857",0.999999999999998,1
"Grid_858",0.99999992479673,0.999999994512662
"Grid_859",NA,NA
"Grid_86",0.999998796979949,0.999999912219451
"Grid_860",NA,NA
"Grid_861",NA,NA
"Grid_862",NA,NA
"Grid_863",0.999999999999997,1
"Grid_864",NA,NA
"Grid_865",0.0103343180943343,0.125193144834957
"Grid_866",1.0369728023617e-09,1.42115817338982e-08
"Grid_867",1.12481555382719e-05,0.000154132531366138
"Grid_868",0.0579897343541541,0.457602403605583
"Grid_869",0.913451010724172,0.993133909969094
"Grid_87",0.999987357130244,0.999999077480198
"Grid_870",0.238482952881613,0.811033074277079
"Grid_871",0.694760853947604,0.968938249084622
"Grid_872",0.961106992212826,0.997055956185932
"Grid_873",0.00910369803936706,0.111830564527255
"Grid_874",0.756266717358819,0.977024227310157
"Grid_875",0.968780009957231,0.997654083667079
"Grid_876",0.999634911169445,0.999973351639117
"Grid_877",0.000705111823689487,0.00957766874269219
"Grid_878",0.994653668278917,0.999607952527207
"Grid_879",0.967404511449967,0.997547506208232
"Grid_88",0.996117205885105,0.999715661701712
"Grid_880",0.966836003482176,0.997503374723694
"Grid_881",0.921514306537881,0.993823780173851
"Grid_882",0.99972496882777,0.999979926754041
"Grid_883",0.987437012088994,0.999072517987213
"Grid_884",0.999999928159876,0.99999999475806
"Grid_885",NA,NA
"Grid_886",NA,NA
"Grid_887",NA,NA
"Grid_888",NA,NA
"Grid_889",NA,NA
"Grid_89",0.0396743047191856,0.361509796337734
"Grid_890",7.33675943552255e-09,1.00549356547339e-07
"Grid_891",2.35664890729625e-05,0.000322879097716837
"Grid_892",0.00119938565222999,0.0161907147914141
"Grid_893",0.0766005528975819,0.532029565466405
"Grid_894",0.17983384208737,0.750312178145153
"Grid_895",0.0751175130721828,0.526759058026796
"Grid_896",0.237454460700642,0.810162313482634
"Grid_897",0.999949790591441,0.999996336212609
"Grid_898",0.997581066128574,0.999823101598577
"Grid_899",0.934252945973955,0.994891276618943
"Grid_9",0.483205057413783,0.927610220779594
"Grid_90",0.00481272281928609,0.0621571594285443
"Grid_900",0.939885067179038,0.995354735511717
"Grid_901",0.8589030754358,0.988155314235032
"Grid_902",0.999757953528926,0.999982334694257
"Grid_903",0.994344701261329,0.999585176513214
"Grid_904",0.992115446042886,0.999420453757005
"Grid_905",0.99951823462109,0.999964831444161
"Grid_906",0.996705657018657,0.99975888617907
"Grid_907",0.994083774258305,0.999565931630318
"Grid_908",0.988915348876727,0.99918279164146
"Grid_909",0.994432921482053,0.999591681150226
"Grid_91",0.978557075141212,0.998403646884619
"Grid_910",0.110914499496153,0.630955424881046
"Grid_911",NA,NA
"Grid_912",NA,NA
"Grid_913",NA,NA
"Grid_914",NA,NA
"Grid_915",NA,NA
"Grid_916",NA,NA
"Grid_917",1.36630767240908e-06,1.87247498830501e-05
"Grid_918",1.35993098200175e-05,0.000186344635646289
"Grid_919",0.0358923289745437,0.337841561782036
"Grid_92",0.999999999998132,0.999999999999864
"Grid_920",0.797643223383471,0.981825259567943
"Grid_921",0.376791181732864,0.892310401397649
"Grid_922",0.157406037162159,0.719118859689153
"Grid_923",0.0564872240350803,0.450699740782524
"Grid_924",0.751069102378794,0.976387282781186
"Grid_925",0.930429160012534,0.994573674558561
"Grid_926",0.733441198879268,0.974166348809039
"Grid_927",0.849998426227164,0.98728705755454
"Grid_928",0.999960020216021,0.999997082697376
"Grid_929",0.991682300613423,0.999388368432964
"Grid_93",4.64617621507566e-11,6.36752610205358e-10
"Grid_930",0.977242842874161,0.998303698162075
"Grid_931",0.999979904751902,0.999998533687942
"Grid_932",0.988178975532753,0.999127901505322
"Grid_933",0.993956085666619,0.999556510442635
"Grid_934",0.52761436121874,0.938677290989916
"Grid_935",0.122253028940829,0.656218176845315
"Grid_936",0.900329930389339,0.991987020962945
"Grid_937",NA,NA
"Grid_938",NA,NA
"Grid_939",NA,NA
"Grid_94",5.24615651064694e-08,7.18978676772947e-07
"Grid_940",NA,NA
"Grid_941",NA,NA
"Grid_942",1.52992284991884e-16,2.09674003649004e-15
"Grid_943",0.069726783445976,0.506714032906085
"Grid_944",0.362161059373182,0.886124809396026
"Grid_945",0.10821329390398,0.624484977394738
"Grid_946",0.9968428069937,0.999768953687283
"Grid_947",0.693710377759705,0.968788961770159
"Grid_948",0.76325240580353,0.977867904895661
"Grid_949",0.911525160253386,0.992967478126544
"Grid_95",7.03307360786142e-08,9.6387303695217e-07
"Grid_950",0.758251259421438,0.977265337159189
"Grid_951",0.992507443568309,0.999449468675809
"Grid_952",0.984967056777487,0.998887592588794
"Grid_953",0.959177407290284,0.996904149430443
"Grid_954",0.997690808725035,0.999831144371982
"Grid_955",0.963863921758016,0.997271877867608
"Grid_956",0.999814630783896,0.999986471887896
"Grid_957",0.999905337418557,0.999993092173838
"Grid_958",0.986448831378513,0.998998635882543
"Grid_959",0.522340870609966,0.937448674573572
"Grid_96",1.98933798306283e-08,2.72636201308951e-07
"Grid_960",0.996216434201653,0.999722953801154
"Grid_961",0.632886630128181,0.9593934607998
"Grid_962",0.999999994555405,0.999999999602726
"Grid_963",NA,NA
"Grid_964",NA,NA
"Grid_965",NA,NA
"Grid_966",NA,NA
"Grid_967",NA,NA
"Grid_968",NA,NA
"Grid_969",3.41908308107648e-06,4.68560685060468e-05
"Grid_97",7.84678855694052e-09,1.0753924020335e-07
"Grid_970",0.000225815753257284,0.0030859231236586
"Grid_971",0.855022699195154,0.987778990186192
"Grid_972",0.647744347590518,0.961833766638268
"Grid_973",0.0579705567662841,0.457515256250438
"Grid_974",0.00776542831888493,0.0968673986699732
"Grid_975",0.183894484117148,0.755390179973686
"Grid_976",0.708496844113651,0.970853658091811
"Grid_977",0.925831823666248,0.994188620636437
"Grid_978",0.887709262890327,0.990854488395741
"Grid_979",0.989072865819045,0.999194523310465
"Grid_98",1.03530035338568e-11,1.41886612162546e-10
"Grid_980",0.997432816933122,0.999812234163576
"Grid_981",0.997662291392614,0.999829054562352
"Grid_982",0.980773634405184,0.998571656733213
"Grid_983",0.975480736864567,0.998169297110595
"Grid_984",0.931537512599128,0.994665981305391
"Grid_985",0.996859131997785,0.999770151854916
"Grid_986",0.798278830843892,0.981895477833459
"Grid_987",0.195508518663052,0.769083812646721
"Grid_988",0.999999999375838,0.999999999954457
"Grid_989",NA,NA
"Grid_99",5.97670078453849e-13,8.1909933050761e-12
"Grid_990",NA,NA
"Grid_991",NA,NA
"Grid_992",NA,NA
"Grid_993",NA,NA
"Grid_994",1,1
"Grid_995",3.58288663538829e-09,4.91030087762772e-08
"Grid_996",8.63780303093257e-09,1.18379991877802e-07
"Grid_997",0.354861427983512,0.882882435471112
"Grid_998",0.575631682795092,0.948953258186566
"Grid_999",0.0174744637248739,0.195976431812378
