"GridID","SettleProbF","SettleProbM"
"Grid_1",0.485500230566602,0.533113287564644
"Grid_10",0.573717014965997,0.554204802796723
"Grid_100",1,0.986362435308373
"Grid_1000",0.883494410836186,0.519192443132412
"Grid_1001",0.500013692114049,0.556202388890277
"Grid_1002",0.757102903722847,0.481286981978175
"Grid_1003",0.610979362065065,0.529191195017372
"Grid_1004",0.903874195989182,0.503939687380797
"Grid_1005",0.549091613743133,0.496424786357608
"Grid_1006",0.304106018963766,0.566525562570235
"Grid_1007",0.915917470012416,0.518180857941389
"Grid_1008",0.930737718257474,0.510128092849582
"Grid_1009",0.693501827592539,0.511033378165072
"Grid_101",1,0.788536434132019
"Grid_1010",0.796982560126946,0.504297333448054
"Grid_1011",0.548697752650566,0.550503800668486
"Grid_1012",0.822476181066566,0.524188684949123
"Grid_1013",0.141450264894384,0.532316181374399
"Grid_1014",0.0204196629286438,0.565948967174167
"Grid_1015",0.0438007816247654,0.610407735304775
"Grid_1016",0.0438007816247654,0.610407735304775
"Grid_1017",0.0438007816247654,0.610407735304775
"Grid_1018",0.0438007816247654,0.610407735304775
"Grid_1019",0.0438007816247654,0.610407735304775
"Grid_102",0.893086845452917,0.550692478658961
"Grid_1020",0.0438007816247654,0.610407735304775
"Grid_1021",0.181009950256705,0.584561996342591
"Grid_1022",0.135582890620818,0.589310986202832
"Grid_1023",0.432502538285754,0.546558347075327
"Grid_1024",0.23992259398135,0.568672368390219
"Grid_1025",0.165300843307481,0.580325797588675
"Grid_1026",0.92736089120124,0.514735244158285
"Grid_1027",0.811494832015573,0.52871661425679
"Grid_1028",0.261871090422116,0.558860735948052
"Grid_1029",0.86155938770902,0.492313038941177
"Grid_103",0.0446329013591527,0.61008816785832
"Grid_1030",0.845291024342627,0.529934801135477
"Grid_1031",0.79506864342978,0.464627950245163
"Grid_1032",0.792052408922229,0.462995885174791
"Grid_1033",0.475218024538056,0.560915707612482
"Grid_1034",0.943276638797418,0.510372073864296
"Grid_1035",0.84581928865414,0.488534639781417
"Grid_1036",0.856663312273547,0.493191078245183
"Grid_1037",0.931746111892209,0.514179496461869
"Grid_1038",0.870716739206675,0.526614147788285
"Grid_1039",0.999998648867703,0.471475982207423
"Grid_104",0.0363846197682007,0.601463318306216
"Grid_1040",0.0160713967308757,0.572812376371183
"Grid_1041",0.0438007816247654,0.610407735304775
"Grid_1042",0.0438007816247654,0.610407735304775
"Grid_1043",0.0438007816247654,0.610407735304775
"Grid_1044",0.0438007816247654,0.610407735304775
"Grid_1045",0.0438007816247654,0.610407735304775
"Grid_1046",0.0438007816247654,0.610407735304775
"Grid_1047",0.213394910741688,0.581153960366594
"Grid_1048",0.532402611529747,0.552872315083275
"Grid_1049",0.519693956392022,0.54112013844506
"Grid_105",0.632406072959473,0.48346149450581
"Grid_1050",0.553417082720303,0.544735686725448
"Grid_1051",0.337444886263758,0.568823987389805
"Grid_1052",0.897400203464774,0.520790528342215
"Grid_1053",0.637106578965081,0.540900580095511
"Grid_1054",0.418902359346917,0.535695692547142
"Grid_1055",0.899807059969247,0.518540645510251
"Grid_1056",0.832345635728959,0.507923789575106
"Grid_1057",0.918325761188978,0.452491000678547
"Grid_1058",0.581096544844003,0.531050996659763
"Grid_1059",0.80578222154841,0.534983935732094
"Grid_106",0.568769632573216,0.498155672967702
"Grid_1060",0.906787061625986,0.519450884252381
"Grid_1061",0.780940753382182,0.477983264120421
"Grid_1062",0.62547244394527,0.550537077550997
"Grid_1063",0.924284708248106,0.516098881843448
"Grid_1064",0.878425006402161,0.493987813911779
"Grid_1065",0.999981737119162,0.527716050919319
"Grid_1066",0.0766395371292153,0.54563330656849
"Grid_1067",0.0438007816247654,0.610407735304775
"Grid_1068",0.0438007816247654,0.610407735304775
"Grid_1069",0.0438007816247654,0.610407735304775
"Grid_107",0.347962399005605,0.529028229371753
"Grid_1070",0.0438007816247654,0.610407735304775
"Grid_1071",0.0438007816247654,0.610407735304775
"Grid_1072",0.0438007816247654,0.610407735304775
"Grid_1073",0.0592825614377455,0.605218281168228
"Grid_1074",0.186787527932788,0.582814361377004
"Grid_1075",0.181501001595294,0.555363131498142
"Grid_1076",0.819789122590892,0.528441389509309
"Grid_1077",0.590798511317669,0.547582596947379
"Grid_1078",0.901871776428453,0.52062244679793
"Grid_1079",0.818318013130893,0.529065598791852
"Grid_108",0.352644781634322,0.509549072895247
"Grid_1080",0.63568378732833,0.530901756302836
"Grid_1081",0.836848335625119,0.524099274583921
"Grid_1082",0.855720911170475,0.525697924284342
"Grid_1083",0.803932111987233,0.505927495095169
"Grid_1084",0.767436612395425,0.491830880752896
"Grid_1085",0.662409125176244,0.535942598414689
"Grid_1086",0.909106504103672,0.519618804138727
"Grid_1087",0.756437578741425,0.521317243634731
"Grid_1088",0.427074047343479,0.519106185687782
"Grid_1089",0.521060770142278,0.48583134199148
"Grid_109",0.163726407857781,0.559534663446963
"Grid_1090",0.435707981226597,0.562129951281267
"Grid_1091",0.812527611813888,0.464316062791623
"Grid_1092",0.964498771703172,0.539826508489765
"Grid_1093",0.0438007816247654,0.610407735304775
"Grid_1094",0.0438007816247654,0.610407735304775
"Grid_1095",0.0438007816247654,0.610407735304775
"Grid_1096",0.0438007816247654,0.610407735304775
"Grid_1097",0.0438007816247654,0.610407735304775
"Grid_1098",0.0438007816247654,0.610407735304775
"Grid_1099",0.103380167553018,0.595289527215996
"Grid_11",0.241107562468925,0.578520860712772
"Grid_110",0.415143916126565,0.540657462642332
"Grid_1100",0.243254576903406,0.575513386030376
"Grid_1101",0.456965667396484,0.555476162496461
"Grid_1102",0.541202637224386,0.554602235017589
"Grid_1103",0.211043342336572,0.581141721425071
"Grid_1104",0.886283564045012,0.524075991975171
"Grid_1105",0.927161865545943,0.513944554352541
"Grid_1106",0.862448600417592,0.501634054352348
"Grid_1107",0.920000593329479,0.503791007719899
"Grid_1108",0.941297424130566,0.510564811251625
"Grid_1109",0.912373723572898,0.518080653579877
"Grid_111",0.124183474427429,0.578982736873323
"Grid_1110",0.826172950439603,0.468193751734387
"Grid_1111",0.939273091265257,0.51190678543038
"Grid_1112",0.926655568618017,0.51556750017527
"Grid_1113",0.558079979900737,0.536163456888683
"Grid_1114",0.736179513360306,0.480244915399044
"Grid_1115",0.548661830034558,0.484433043549975
"Grid_1116",0.592025385538368,0.552941605632273
"Grid_1117",0.969888655576425,0.484819072239721
"Grid_1118",0.0215367814408403,0.594073629353441
"Grid_1119",0.0438007816247654,0.610407735304775
"Grid_112",0.284303809340355,0.531382272016541
"Grid_1120",0.0438007816247654,0.610407735304775
"Grid_1121",0.0438007816247654,0.610407735304775
"Grid_1122",0.0438007816247654,0.610407735304775
"Grid_1123",0.0438007816247654,0.610407735304775
"Grid_1124",0.0438007816247654,0.610407735304775
"Grid_1125",0.0438007816247654,0.610407735304775
"Grid_1126",0.0650881167158165,0.602544460958506
"Grid_1127",0.156995110892901,0.581759077160479
"Grid_1128",0.505835963440437,0.55843630702865
"Grid_1129",0.570242684440961,0.554461399018432
"Grid_113",0.0483079921165345,0.596654490500244
"Grid_1130",0.772325179274595,0.537828730189834
"Grid_1131",0.249968898478004,0.577706944709359
"Grid_1132",0.553603038564916,0.554422504173925
"Grid_1133",0.888037891070522,0.496075570775347
"Grid_1134",0.918251078771508,0.512521344606156
"Grid_1135",0.911886338943612,0.519115574914691
"Grid_1136",0.602698025118644,0.54561336278585
"Grid_1137",0.514357266659079,0.513427647728593
"Grid_1138",0.906350507885889,0.520292729121346
"Grid_1139",0.834335324123543,0.53148483248639
"Grid_114",0.158068298197883,0.587268513506022
"Grid_1140",0.979596730442165,0.446266471012484
"Grid_1141",0.999989632429302,0.460664871480417
"Grid_1142",0.737220612612011,0.46838134122714
"Grid_1143",0.67577207727784,0.52821638570835
"Grid_1144",0.0119496727873472,0.564705185514882
"Grid_1145",0.0438007816247654,0.610407735304775
"Grid_1146",0.0438007816247654,0.610407735304775
"Grid_1147",0.0438007816247654,0.610407735304775
"Grid_1148",0.0438007816247654,0.610407735304775
"Grid_1149",0.0438007816247654,0.610407735304775
"Grid_115",0.177616744734913,0.58489833772721
"Grid_1150",0.0438007816247654,0.610407735304775
"Grid_1151",0.0438007816247654,0.610407735304775
"Grid_1152",0.3358508588644,0.570478270070876
"Grid_1153",0.413313715400939,0.564072043628165
"Grid_1154",0.907176752090879,0.519610563956028
"Grid_1155",0.469880193756264,0.561293185291375
"Grid_1156",0.595431738373969,0.552701672987485
"Grid_1157",0.621956135187243,0.550729219967462
"Grid_1158",0.309784789974003,0.540981001017853
"Grid_1159",0.878323130960251,0.517306270501988
"Grid_116",0.374041969241535,0.567938916682269
"Grid_1160",0.933506454859688,0.513640414712359
"Grid_1161",0.943278818585529,0.510387826437087
"Grid_1162",0.203367963461039,0.528543461362287
"Grid_1163",0.826436816094234,0.532484054859455
"Grid_1164",0.70903000036606,0.544030511750867
"Grid_1165",0.792744679789339,0.470248715814936
"Grid_1166",0.999571879669249,0.449413887751102
"Grid_1167",0.997967052030941,0.451010608632943
"Grid_1168",0.529567144596346,0.514322043936706
"Grid_1169",0.127221768363124,0.528963180943492
"Grid_117",0.0951186255153897,0.596840943454875
"Grid_1170",0.0503621788129051,0.608028071510559
"Grid_1171",0.0438007816247654,0.610407735304775
"Grid_1172",0.0438007816247654,0.610407735304775
"Grid_1173",0.0438007816247654,0.610407735304775
"Grid_1174",0.0438007816247654,0.610407735304775
"Grid_1175",0.0438007816247654,0.610407735304775
"Grid_1176",0.0438007816247654,0.610407735304775
"Grid_1177",0.0438007816247654,0.610407735304775
"Grid_1178",0.0513914875436332,0.607681292702782
"Grid_1179",0.659115912944413,0.545408492219189
"Grid_118",0.0434131870227717,0.548760622692096
"Grid_1180",0.811469317616018,0.529270072008731
"Grid_1181",0.431473437168195,0.563641175550217
"Grid_1182",0.663246013960951,0.547554633325244
"Grid_1183",0.85976579376751,0.528211323729002
"Grid_1184",0.632261784259603,0.549367773127981
"Grid_1185",0.731673028545871,0.536247002366139
"Grid_1186",0.938536991964115,0.51143549029009
"Grid_1187",0.881213722898125,0.519719605577411
"Grid_1188",0.841010690349881,0.488574646935978
"Grid_1189",0.568160591960578,0.507152245644644
"Grid_119",0.998029206216331,0.560007572114204
"Grid_1190",0.676908632397315,0.546579050708094
"Grid_1191",0.695888709353158,0.526741697060943
"Grid_1192",0.99999954565339,0.481166149568087
"Grid_1193",0.99998956955039,0.495326426833525
"Grid_1194",0.89332410837743,0.497623230582832
"Grid_1195",0.999756132811137,0.502904719660881
"Grid_1196",0.029189397206726,0.587553798714596
"Grid_1197",0.0438007816247654,0.610407735304775
"Grid_1198",0.0438007816247654,0.610407735304775
"Grid_1199",0.0438007816247654,0.610407735304775
"Grid_12",0.170294908350267,0.585790625105509
"Grid_120",0.9878640415684,0.555726758661775
"Grid_1200",0.0438007816247654,0.610407735304775
"Grid_1201",0.0438007816247654,0.610407735304775
"Grid_1202",0.0438007816247654,0.610407735304775
"Grid_1203",0.0438007816247654,0.610407735304775
"Grid_1204",0.413473068576024,0.565109556080432
"Grid_1205",0.734418919090072,0.523718290003007
"Grid_1206",0.929686198837589,0.511060933273711
"Grid_1207",0.479512739063675,0.56054667874909
"Grid_1208",0.538012527183547,0.556674515208545
"Grid_1209",0.207995736418189,0.581694489646562
"Grid_121",0.999999999807682,0.619567327886736
"Grid_1210",0.849249621565261,0.528488976503993
"Grid_1211",0.733428393194253,0.53315157498913
"Grid_1212",0.838997028962317,0.496872621528801
"Grid_1213",0.933019091897384,0.509346676501825
"Grid_1214",0.922665001507469,0.450730942739586
"Grid_1215",0.794138296183692,0.48013843092212
"Grid_1216",0.855008366841804,0.496144386476752
"Grid_1217",0.999989718071556,0.462692172873524
"Grid_1218",0.99999997950195,0.528610911699575
"Grid_1219",0.823609194601445,0.459271268827678
"Grid_122",1,0.693130318624737
"Grid_1220",0.999997298916211,0.520601968313229
"Grid_1221",0.0187118516112786,0.55389151796783
"Grid_1222",0.0837861893278986,0.599128151719639
"Grid_1223",0.0438007816247654,0.610407735304775
"Grid_1224",0.0438007816247654,0.610407735304775
"Grid_1225",0.0438007816247654,0.610407735304775
"Grid_1226",0.0438007816247654,0.610407735304775
"Grid_1227",0.0438007816247654,0.610407735304775
"Grid_1228",0.0438007816247654,0.610407735304775
"Grid_1229",0.0438007816247654,0.610407735304775
"Grid_123",1,0.686059116564338
"Grid_1230",0.0438007816247654,0.610407735304775
"Grid_1231",0.702544591004715,0.54461120100434
"Grid_1232",0.865931734932311,0.50897690387456
"Grid_1233",0.91332989129645,0.517464715547588
"Grid_1234",0.485949527467844,0.56001735390037
"Grid_1235",0.460609491216656,0.561922573161436
"Grid_1236",0.243368193602355,0.578238186689695
"Grid_1237",0.932930440328364,0.513856668432516
"Grid_1238",0.566058057793368,0.505585367969146
"Grid_1239",0.90602553741584,0.500282334265448
"Grid_124",1,0.758890221907617
"Grid_1240",0.763245803138038,0.471158985134869
"Grid_1241",0.986711748598382,0.446779938957976
"Grid_1242",0.905267356061968,0.453262684142488
"Grid_1243",0.990288980880365,0.448413422798491
"Grid_1244",0.999998898456993,0.465408762087025
"Grid_1245",0.9999999998151,0.509417518163094
"Grid_1246",0.822242731279833,0.45890646194492
"Grid_1247",0.0754022677138034,0.534182649639925
"Grid_1248",0.116120781887059,0.593170008718093
"Grid_1249",0.0438007816247654,0.610407735304775
"Grid_125",1,0.973945602922498
"Grid_1250",0.0438007816247654,0.610407735304775
"Grid_1251",0.0438007816247654,0.610407735304775
"Grid_1252",0.0438007816247654,0.610407735304775
"Grid_1253",0.0438007816247654,0.610407735304775
"Grid_1254",0.0438007816247654,0.610407735304775
"Grid_1255",0.0438007816247654,0.610407735304775
"Grid_1256",0.0549890604553027,0.606517901884391
"Grid_1257",0.795465764171038,0.528869039642953
"Grid_1258",0.798023182929786,0.531668456512962
"Grid_1259",0.541525858540016,0.556402945002014
"Grid_126",1,0.965709114489631
"Grid_1260",0.801441571783067,0.535425510921219
"Grid_1261",0.228994933355046,0.579644633659472
"Grid_1262",0.532936143459608,0.547403704575288
"Grid_1263",0.900876572894751,0.514707424148828
"Grid_1264",0.0547485778812642,0.588432945489158
"Grid_1265",0.707457732985512,0.485490041588172
"Grid_1266",0.99998112086855,0.499056055016117
"Grid_1267",0.999999944762387,0.491218891025855
"Grid_1268",0.999999999999621,0.567593513068789
"Grid_1269",0.999984421790924,0.538494810306663
"Grid_127",1,0.871181282460451
"Grid_1270",0.999999996079153,0.555228492678832
"Grid_1271",1,0.679515502962827
"Grid_1272",1,0.928589329255369
"Grid_1273",0.303675750087343,0.550617265881784
"Grid_1274",0.177202348345977,0.584992014180749
"Grid_1275",0.0438007816247654,0.610407735304775
"Grid_1276",0.0438007816247654,0.610407735304775
"Grid_1277",0.0438007816247654,0.610407735304775
"Grid_1278",0.0438007816247654,0.610407735304775
"Grid_1279",0.0438007816247654,0.610407735304775
"Grid_128",0.0104965260211871,0.569445600155607
"Grid_1280",0.0438007816247654,0.610407735304775
"Grid_1281",0.0438007816247654,0.610407735304775
"Grid_1282",0.0438007816247654,0.610407735304775
"Grid_1283",0.0941483728342743,0.59701179136768
"Grid_1284",0.764648978569717,0.517954012088794
"Grid_1285",0.827780851597757,0.532254807924026
"Grid_1286",0.709160870650127,0.544098564735429
"Grid_1287",0.860318530348449,0.527735018499395
"Grid_1288",0.746936480637429,0.535814850395487
"Grid_1289",0.677941342191307,0.543293100462204
"Grid_129",0.0424608438864097,0.605396504192729
"Grid_1290",0.223829431685539,0.579212204074293
"Grid_1291",0.0597655801510563,0.593103271319271
"Grid_1292",0.40090595286079,0.526209530552621
"Grid_1293",1,0.671316703644711
"Grid_1294",1,0.776620159200659
"Grid_1295",1,0.947779529138339
"Grid_1296",0.0263767959744555,0.549856749070246
"Grid_1297",0.999433716684307,0.559218880423192
"Grid_1298",1,0.943040777605952
"Grid_1299",0.119280267072758,0.526250401388174
"Grid_13",0.223344712312483,0.579981276546451
"Grid_130",0.048504740945751,0.601845843613239
"Grid_1300",0.436618444916068,0.563559769054473
"Grid_1301",0.0438007816247654,0.610407735304775
"Grid_1302",0.0438007816247654,0.610407735304775
"Grid_1303",0.0438007816247654,0.610407735304775
"Grid_1304",0.0438007816247654,0.610407735304775
"Grid_1305",0.0438007816247654,0.610407735304775
"Grid_1306",0.0438007816247654,0.610407735304775
"Grid_1307",0.0438007816247654,0.610407735304775
"Grid_1308",0.0438007816247654,0.610407735304775
"Grid_1309",0.916883390249328,0.513836136673955
"Grid_131",0.558717611720232,0.510957901293813
"Grid_1310",0.938488970484833,0.510469704307494
"Grid_1311",0.622545162630514,0.54976319906863
"Grid_1312",0.688622009581557,0.545766172850395
"Grid_1313",0.938199318148253,0.510567040139216
"Grid_1314",0.837445840838352,0.524913778665891
"Grid_1315",0.643226854478187,0.549249535062006
"Grid_1316",0.0917432314671964,0.597495791185693
"Grid_1317",0.26062914064018,0.560503918847256
"Grid_1318",0.999990905729329,0.572391240012929
"Grid_1319",1,0.925563101320273
"Grid_132",0.714383432753835,0.4704426396464
"Grid_1320",1,0.909424886973184
"Grid_1321",1,0.814348884154542
"Grid_1322",0.0269320454431487,0.550437938484987
"Grid_1323",0.99999999994998,0.62302899486261
"Grid_1324",0.99181704924388,0.54646609767072
"Grid_1325",0.102792623317159,0.579695529878374
"Grid_1326",0.637101265441072,0.549702367351956
"Grid_1327",0.0438007816247654,0.610407735304775
"Grid_1328",0.0438007816247654,0.610407735304775
"Grid_1329",0.0438007816247654,0.610407735304775
"Grid_133",0.550004163447056,0.502968527182267
"Grid_1330",0.0438007816247654,0.610407735304775
"Grid_1331",0.0438007816247654,0.610407735304775
"Grid_1332",0.0438007816247654,0.610407735304775
"Grid_1333",0.0438007816247654,0.610407735304775
"Grid_1334",0.0438007816247654,0.610407735304775
"Grid_1335",0.296614592398043,0.573725460641959
"Grid_1336",0.757350261643035,0.524352836317709
"Grid_1337",0.598810444207181,0.551001970749741
"Grid_1338",0.773730190759765,0.538017225730519
"Grid_1339",0.884356087013247,0.507099021056693
"Grid_134",0.649203573940145,0.529401209169234
"Grid_1340",0.916301057507077,0.518124946396157
"Grid_1341",0.899537704196883,0.521638625121487
"Grid_1342",0.0548684099288025,0.606555759727958
"Grid_1343",0.0312564747573267,0.601592310388064
"Grid_1344",0.0199366413130358,0.567713111082328
"Grid_1345",1,0.71793908514492
"Grid_1346",1,0.712404597680406
"Grid_1347",1,0.737887840698078
"Grid_1348",0.0167548078161703,0.588293854158102
"Grid_1349",0.012355834888006,0.565595940063447
"Grid_135",0.201410247890917,0.542447441414468
"Grid_1350",0.0557481031657761,0.546003684897604
"Grid_1351",0.0230120421640246,0.566496618366615
"Grid_1352",0.16932990761936,0.585904185488366
"Grid_1353",0.0438007816247654,0.610407735304775
"Grid_1354",0.0438007816247654,0.610407735304775
"Grid_1355",0.0438007816247654,0.610407735304775
"Grid_1356",0.0438007816247654,0.610407735304775
"Grid_1357",0.0438007816247654,0.610407735304775
"Grid_1358",0.0438007816247654,0.610407735304775
"Grid_1359",0.0438007816247654,0.610407735304775
"Grid_136",0.250040076503442,0.547959149287169
"Grid_1360",0.0438007816247654,0.610407735304775
"Grid_1361",0.705072221702182,0.543535650603852
"Grid_1362",0.912670689768815,0.506902968648756
"Grid_1363",0.855164967236985,0.528498022128557
"Grid_1364",0.423876645937367,0.549219369050509
"Grid_1365",0.616775236406207,0.532361410213021
"Grid_1366",0.881146889407135,0.524946003162697
"Grid_1367",0.612475085507354,0.551364697914743
"Grid_1368",0.0529643041063757,0.607163669127162
"Grid_1369",0.0229562682453645,0.550690270995319
"Grid_137",0.0629038965373459,0.557707111054611
"Grid_1370",0.0989834617396345,0.52834253320901
"Grid_1371",0.999999999919387,0.616605017889953
"Grid_1372",0.999912780184766,0.567931826837262
"Grid_1373",0.0129203681746627,0.560625791963302
"Grid_1374",0.0483071871915401,0.546030679088739
"Grid_1375",0.0718202315960911,0.545105778306829
"Grid_1376",0.0621182304374582,0.603436188093298
"Grid_1377",0.0298699653852306,0.594775441346331
"Grid_1378",0.0271234256971499,0.550827277016057
"Grid_1379",0.0438007816247654,0.610407735304775
"Grid_138",0.109797745597213,0.577027558275826
"Grid_1380",0.0438007816247654,0.610407735304775
"Grid_1381",0.0438007816247654,0.610407735304775
"Grid_1382",0.0438007816247654,0.610407735304775
"Grid_1383",0.0438007816247654,0.610407735304775
"Grid_1384",0.0438007816247654,0.610407735304775
"Grid_1385",0.0438007816247654,0.610407735304775
"Grid_1386",0.0438007816247654,0.610407735304775
"Grid_1387",0.0775812182337062,0.600500026931213
"Grid_1388",0.700482190413516,0.523271150271435
"Grid_1389",0.856222626086401,0.525994481526465
"Grid_139",0.121253858585995,0.529989925685978
"Grid_1390",0.366562187735134,0.55750464318957
"Grid_1391",0.663052969723542,0.531407103224989
"Grid_1392",0.616959181000616,0.517751807105137
"Grid_1393",0.539661092052716,0.556562082899822
"Grid_1394",0.0717879856661802,0.601873069345985
"Grid_1395",0.0893929594549735,0.595028084128057
"Grid_1396",0.0161483211902806,0.568081194451611
"Grid_1397",0.0272598628893302,0.550249570313157
"Grid_1398",0.999991977497151,0.575162785519249
"Grid_1399",0.676315851808718,0.542537403148357
"Grid_14",0.704799362476425,0.548552805512259
"Grid_140",0.119991077934569,0.554128173194636
"Grid_1400",0.049137665269484,0.608449308654851
"Grid_1401",0.0214158725647958,0.55574818404448
"Grid_1402",0.0320816265976263,0.596013792604487
"Grid_1403",0.0230127605784331,0.595211949567376
"Grid_1404",0.0503948611744105,0.60801695977586
"Grid_1405",0.0438007816247654,0.610407735304775
"Grid_1406",0.0438007816247654,0.610407735304775
"Grid_1407",0.0438007816247654,0.610407735304775
"Grid_1408",0.0438007816247654,0.610407735304775
"Grid_1409",0.0438007816247654,0.610407735304775
"Grid_141",0.116603321714737,0.593092625120268
"Grid_1410",0.0438007816247654,0.610407735304775
"Grid_1411",0.0438007816247654,0.610407735304775
"Grid_1412",0.0438007816247654,0.610407735304775
"Grid_1413",0.062214909675861,0.602641424174149
"Grid_1414",0.467021577863427,0.5305870324762
"Grid_1415",0.801436323138329,0.534886460755254
"Grid_1416",0.884046266795951,0.51360878270034
"Grid_1417",0.0206119946473632,0.562710293198233
"Grid_1418",0.0765522491492105,0.583541087035438
"Grid_1419",0.168353397911783,0.582908810450983
"Grid_142",0.29508437457705,0.573817584562095
"Grid_1420",0.231831955869112,0.579377875079446
"Grid_1421",0.0193317543127996,0.576059395352017
"Grid_1422",0.0327216278912371,0.548410674216934
"Grid_1423",0.0212940510177594,0.587703469665927
"Grid_1424",0.330392626019537,0.545898044698969
"Grid_1425",0.0157899249245364,0.587781520069887
"Grid_1426",0.104944698638412,0.595044281045604
"Grid_1427",0.0333404800358212,0.585733346874177
"Grid_1428",0.0413355813892776,0.602551718372431
"Grid_1429",0.0475641448404108,0.609005202562228
"Grid_143",0.254071304605308,0.577358986756338
"Grid_1430",0.0177574012383838,0.589794128307936
"Grid_1431",0.0438007816247654,0.610407735304775
"Grid_1432",0.0438007816247654,0.610407735304775
"Grid_1433",0.0438007816247654,0.610407735304775
"Grid_1434",0.0438007816247654,0.610407735304775
"Grid_1435",0.0438007816247654,0.610407735304775
"Grid_1436",0.0438007816247654,0.610407735304775
"Grid_1437",0.0438007816247654,0.610407735304775
"Grid_1438",0.0438007816247654,0.610407735304775
"Grid_1439",0.0438007816247654,0.610407735304775
"Grid_144",0.0933532387232255,0.597180838843458
"Grid_1440",0.257487798062008,0.575418441715879
"Grid_1441",0.717073351546101,0.543437348647046
"Grid_1442",0.785676759403938,0.533466087161071
"Grid_1443",0.226972482686033,0.535209876140799
"Grid_1444",0.0216513896416546,0.553487694454651
"Grid_1445",0.0259760936458522,0.549971287836892
"Grid_1446",0.171343289587583,0.585667818955445
"Grid_1447",0.14682766211417,0.588709811734644
"Grid_1448",0.0337095318533551,0.548102550150006
"Grid_1449",0.0233633010278516,0.566429483380329
"Grid_145",0.029826068995277,0.549712797312128
"Grid_1450",0.111575703513957,0.582892968673841
"Grid_1451",0.018183156730924,0.579665056755929
"Grid_1452",0.0764562386175851,0.600759246305254
"Grid_1453",0.120181892179492,0.592527089494795
"Grid_1454",0.0271111625499359,0.591368191961764
"Grid_1455",0.0245575830531089,0.595522793604808
"Grid_1456",0.0527149477656613,0.607244774232391
"Grid_1457",0.0438007816247654,0.610407735304775
"Grid_1458",0.0438007816247654,0.610407735304775
"Grid_1459",0.0438007816247654,0.610407735304775
"Grid_146",0.328377448103706,0.547041720707485
"Grid_1460",0.0438007816247654,0.610407735304775
"Grid_1461",0.0438007816247654,0.610407735304775
"Grid_1462",0.0438007816247654,0.610407735304775
"Grid_1463",0.0438007816247654,0.610407735304775
"Grid_1464",0.0438007816247654,0.610407735304775
"Grid_1465",0.0439487719648524,0.610350487488555
"Grid_1466",0.890241625039633,0.519913421001897
"Grid_1467",0.468064102989112,0.544900679504922
"Grid_1468",0.651216790412024,0.542785157822074
"Grid_1469",0.999127007428621,0.560082374759568
"Grid_147",0.0114440897632825,0.575962798595553
"Grid_1470",0.999999994358034,0.593719505947041
"Grid_1471",0.127759946533111,0.591375021008894
"Grid_1472",0.0239477532942514,0.592469871502995
"Grid_1473",0.0411857220891505,0.567351906205544
"Grid_1474",0.999090585206416,0.558708777108183
"Grid_1475",0.0591657845062519,0.588951965737573
"Grid_1476",0.0663158404716569,0.603265563331147
"Grid_1477",0.193976782461687,0.559522042393306
"Grid_1478",0.0605556242960809,0.60484959993713
"Grid_1479",0.0797349222340053,0.600013059103046
"Grid_148",1,0.875938492518371
"Grid_1480",0.0483450404008433,0.608063596640361
"Grid_1481",0.0468880341794953,0.6092493468552
"Grid_1482",0.0478763937177827,0.608893540764859
"Grid_1483",0.0438007816247654,0.610407735304775
"Grid_1484",0.0438007816247654,0.610407735304775
"Grid_1485",0.0438007816247654,0.610407735304775
"Grid_1486",0.0438007816247654,0.610407735304775
"Grid_1487",0.0438007816247654,0.610407735304775
"Grid_1488",0.0438007816247654,0.610407735304775
"Grid_1489",0.0438007816247654,0.610407735304775
"Grid_149",0.999999999932576,0.625708743052024
"Grid_1490",0.0438007816247654,0.610407735304775
"Grid_1491",0.0438007816247654,0.610407735304775
"Grid_1492",0.126393373117983,0.590843979487656
"Grid_1493",0.619111206981186,0.538124508986982
"Grid_1494",0.712028664797242,0.533012928483019
"Grid_1495",0.228150417599693,0.514537536601644
"Grid_1496",0.41959071778495,0.544510456976428
"Grid_1497",0.0868195737723002,0.595988014445832
"Grid_1498",0.0463886589663939,0.58896891819556
"Grid_1499",0.373693884057369,0.54159944500335
"Grid_15",0.0255764451064594,0.5911793269806
"Grid_150",1,0.691910202197143
"Grid_1500",0.0935955919642582,0.531289384739394
"Grid_1501",0.0325987634424687,0.562984067736174
"Grid_1502",0.107904279719728,0.592657525243995
"Grid_1503",0.1093065924893,0.593071912064445
"Grid_1504",0.0931803361557678,0.597214431804132
"Grid_1505",0.0462750259062158,0.609473563690815
"Grid_1506",0.0598438899238443,0.605054830717311
"Grid_1507",0.0475707724950617,0.608881525014106
"Grid_1508",0.0565930264402979,0.606021774570347
"Grid_1509",0.0438007816247654,0.610407735304775
"Grid_151",0.999999999988096,0.634066069120376
"Grid_1510",0.0438007816247654,0.610407735304775
"Grid_1511",0.0438007816247654,0.610407735304775
"Grid_1512",0.0438007816247654,0.610407735304775
"Grid_1513",0.0438007816247654,0.610407735304775
"Grid_1514",0.0438007816247654,0.610407735304775
"Grid_1515",0.0438007816247654,0.610407735304775
"Grid_1516",0.0438007816247654,0.610407735304775
"Grid_1517",0.0438007816247654,0.610407735304775
"Grid_1518",0.463605027476565,0.561217146883894
"Grid_1519",0.410162480131283,0.560423769029088
"Grid_152",1,0.981613266761946
"Grid_1520",0.0590925454684475,0.570929003883904
"Grid_1521",0.0146997842937637,0.571973144920321
"Grid_1522",0.0360545967934618,0.587066661877379
"Grid_1523",0.0188567602877663,0.589372149390381
"Grid_1524",0.175590484694907,0.524242205822614
"Grid_1525",0.0748748656518514,0.530214094131314
"Grid_1526",0.0166581908632881,0.556405182812583
"Grid_1527",0.052447176288178,0.599440234776627
"Grid_1528",0.0784097992848553,0.595103290626092
"Grid_1529",0.137828606561771,0.589929681961975
"Grid_153",1,0.973235115200788
"Grid_1530",0.0608317850997808,0.604770564714235
"Grid_1531",0.0651973343571871,0.603563024722537
"Grid_1532",0.0495774247076533,0.608296916516412
"Grid_1533",0.048374991230586,0.608716640483394
"Grid_1534",0.0500362342515894,0.608139258562468
"Grid_1535",0.0438007816247654,0.610407735304775
"Grid_1536",0.0438007816247654,0.610407735304775
"Grid_1537",0.0438007816247654,0.610407735304775
"Grid_1538",0.0438007816247654,0.610407735304775
"Grid_1539",0.0438007816247654,0.610407735304775
"Grid_154",1,0.714907094837611
"Grid_1540",0.0438007816247654,0.610407735304775
"Grid_1541",0.0438007816247654,0.610407735304775
"Grid_1542",0.0438007816247654,0.610407735304775
"Grid_1543",0.0438007816247654,0.610407735304775
"Grid_1544",0.0438007816247654,0.610407735304775
"Grid_1545",0.769234754830163,0.516464092062187
"Grid_1546",0.109059986420193,0.559640290451969
"Grid_1547",0.0466396134458529,0.548119203604571
"Grid_1548",0.0132261641495485,0.561555837436387
"Grid_1549",0.0498885089484973,0.59739469152478
"Grid_155",0.0162148499535299,0.589706497780715
"Grid_1550",0.826311956720737,0.532271464031491
"Grid_1551",0.0359129376855126,0.544877632449153
"Grid_1552",0.0165359628072679,0.558798076762151
"Grid_1553",0.0204502649284587,0.57214995857097
"Grid_1554",0.0631675522141252,0.604114954710784
"Grid_1555",0.111318823709833,0.59395543913335
"Grid_1556",0.0653529110243465,0.603521372065137
"Grid_1557",0.0924231519190004,0.597362194072241
"Grid_1558",0.0584171841381218,0.605473078921229
"Grid_1559",0.0461028441743568,0.60953704103271
"Grid_156",0.0516444720303601,0.607042691356514
"Grid_1560",0.0479277150220015,0.608875253051554
"Grid_1561",0.0438007816247654,0.610407735304775
"Grid_1562",0.0438007816247654,0.610407735304775
"Grid_1563",0.0438007816247654,0.610407735304775
"Grid_1564",0.0438007816247654,0.610407735304775
"Grid_1565",0.0438007816247654,0.610407735304775
"Grid_1566",0.0438007816247654,0.610407735304775
"Grid_1567",0.0438007816247654,0.610407735304775
"Grid_1568",0.0438007816247654,0.610407735304775
"Grid_1569",0.0438007816247654,0.610407735304775
"Grid_157",0.605875852760857,0.50117410919382
"Grid_1570",0.0438007816247654,0.610407735304775
"Grid_1571",0.126074312528217,0.580447228648818
"Grid_1572",0.0452936810408475,0.609237431896668
"Grid_1573",0.0205736940531079,0.588638798514642
"Grid_1574",0.0137416948347024,0.572252305849533
"Grid_1575",0.0895945705253537,0.597208970256093
"Grid_1576",0.126262470021846,0.520498669445108
"Grid_1577",0.0332129351856553,0.548227802903405
"Grid_1578",0.052346090306271,0.548489121467813
"Grid_1579",0.0119542352058654,0.57673339331851
"Grid_158",0.846479670012304,0.490934220223137
"Grid_1580",0.10790755238896,0.594531262020204
"Grid_1581",0.131355680666852,0.590848326980699
"Grid_1582",0.0543849330723093,0.606708242591654
"Grid_1583",0.110546692465886,0.594084431948023
"Grid_1584",0.0508288456195035,0.607268031991679
"Grid_1585",0.0447471939471373,0.610044711521592
"Grid_1586",0.0446922320577806,0.610065596147102
"Grid_159",0.745501200773585,0.496228984805283
"Grid_16",0.0148399656895388,0.565947373657078
"Grid_160",0.640456786303721,0.505190610806207
"Grid_161",0.434001250381098,0.54263625561589
"Grid_162",0.202629362098218,0.547007951002448
"Grid_163",0.0869602700069181,0.546428187376716
"Grid_164",0.29373558733308,0.559275629519607
"Grid_165",0.108829831370689,0.548916623206479
"Grid_166",0.111908505336262,0.593643269953258
"Grid_167",0.178109202768229,0.58487352214268
"Grid_168",0.147124145045279,0.588670671453677
"Grid_169",0.155824603831459,0.587549479710154
"Grid_17",0.0221883076450715,0.551471764553675
"Grid_170",0.386836410254252,0.565577591741385
"Grid_171",0.0156656479006884,0.556892456620717
"Grid_172",0.999999999999919,0.653323054652173
"Grid_173",0.171994107635507,0.546154506690072
"Grid_174",1,0.730244333145556
"Grid_175",0.995784571080894,0.558707003322989
"Grid_176",0.993685711220968,0.557848113714028
"Grid_177",0.999999863271947,0.595358176198097
"Grid_178",1,0.750220085506711
"Grid_179",0.988293829938956,0.555651644119857
"Grid_18",0.994873550621264,0.556055587047864
"Grid_180",0.999999148606843,0.587431485062126
"Grid_181",0.0448659364926109,0.609999673153744
"Grid_182",0.0329730498893508,0.602634456993772
"Grid_183",0.132629868713977,0.581901162918866
"Grid_184",0.680130002946849,0.525298821117535
"Grid_185",0.682499462433308,0.476239809138444
"Grid_186",0.420432792897788,0.497873881615621
"Grid_187",0.80479845020466,0.51426744861981
"Grid_188",0.259841683885625,0.552026976250634
"Grid_189",0.0793228369937603,0.537500795600626
"Grid_19",0.999999999953267,0.628131987744797
"Grid_190",0.0858464941232134,0.558689070678024
"Grid_191",0.0540097129347846,0.570464067063107
"Grid_192",0.242441200155335,0.567307963705294
"Grid_193",0.0598303389652725,0.604423591193418
"Grid_194",0.405469324535401,0.565308613311268
"Grid_195",0.479674397896269,0.56062948668472
"Grid_196",0.0792145459788035,0.600129627556218
"Grid_197",0.103520207076033,0.594910820146301
"Grid_198",0.999997595603374,0.581435417250069
"Grid_199",0.0209668850989608,0.553048773756226
"Grid_2",0.125683339211366,0.533932959818318
"Grid_20",1,0.938445998150132
"Grid_200",0.999999998211821,0.606535285092993
"Grid_201",0.999999999571831,0.61723651899395
"Grid_202",0.999999999999999,0.676734460155689
"Grid_203",0.970866491440484,0.553526700125253
"Grid_204",0.0414700669293249,0.54917803884582
"Grid_205",1,0.882620574108486
"Grid_206",0.0438007816247654,0.610407735304775
"Grid_207",0.029378039025795,0.551317463799457
"Grid_208",0.0384530265108112,0.606763698891221
"Grid_209",0.0687309177527384,0.601079347062444
"Grid_21",1,0.908752149803994
"Grid_210",0.775860362908232,0.497201840453086
"Grid_211",0.999907592345769,0.514407269796393
"Grid_212",0.720519846076468,0.476042211194951
"Grid_213",0.0738732764271873,0.599162221882807
"Grid_214",0.18175762279992,0.539028254167368
"Grid_215",0.159287073316648,0.518679876981457
"Grid_216",0.0552764585519484,0.575012024200153
"Grid_217",0.044836861041514,0.571276049630601
"Grid_218",0.0549968944794061,0.596077804580585
"Grid_219",0.138648410912721,0.58980054504253
"Grid_22",0.999031215154835,0.561995168628733
"Grid_220",0.435927070216837,0.563607185281749
"Grid_221",0.493766639280048,0.55967573481202
"Grid_222",0.0912127351843473,0.59720245572557
"Grid_223",0.604775586322882,0.552039912945001
"Grid_224",0.966010003908172,0.552797924243491
"Grid_225",1,0.713177770145852
"Grid_226",0.999999621449026,0.590377276002187
"Grid_227",0.230538046191341,0.546910926842408
"Grid_228",0.17657467809992,0.547083525514586
"Grid_229",0.0189342758682493,0.554533901717204
"Grid_23",0.0155311312534527,0.587453148341874
"Grid_230",0.0129948538835149,0.577335613693202
"Grid_231",1,0.962582441441306
"Grid_232",0.0438007816247654,0.610407735304775
"Grid_233",0.0158690522376604,0.587602244010941
"Grid_234",0.0195848799916166,0.589525284443608
"Grid_235",0.0438375438142659,0.610393497506414
"Grid_236",0.0438007816247654,0.610407735304775
"Grid_237",0.56644595287798,0.493847166013343
"Grid_238",0.962105124683483,0.466077230138109
"Grid_239",0.0847383113400103,0.527440321074965
"Grid_24",0.0415494711403919,0.607872280133241
"Grid_240",0.136477618714537,0.55517026430472
"Grid_241",0.263810159134087,0.509587537701771
"Grid_242",0.0534768888610228,0.542658581864898
"Grid_243",0.0939324260941714,0.576393535419842
"Grid_244",0.233231813352152,0.557375207815693
"Grid_245",0.0605319139914063,0.604856401085225
"Grid_246",0.24141300808326,0.578493018345419
"Grid_247",0.808721421923334,0.534658814180425
"Grid_248",0.323647799051942,0.571669477554069
"Grid_249",0.52446426382219,0.557596268668183
"Grid_25",0.0456142270267388,0.606894365453015
"Grid_250",0.111687926926618,0.589606898832717
"Grid_251",0.0762428648652269,0.548381155618195
"Grid_252",0.994637528144252,0.557265369652356
"Grid_253",0.999608940110337,0.566201722247027
"Grid_254",0.0474685572185713,0.548944355491003
"Grid_255",0.014296845877996,0.558459773560349
"Grid_256",0.758920591160302,0.549005646836223
"Grid_257",0.0371454019236555,0.604429492608977
"Grid_258",0.0369228191993827,0.550039416450404
"Grid_259",0.045973337451815,0.609584931802056
"Grid_26",0.0739796042510114,0.601342253851692
"Grid_260",0.0463119379223097,0.548692023544098
"Grid_261",0.0438007816247654,0.610407735304775
"Grid_262",0.327877851683924,0.563033863468972
"Grid_263",0.515742232961486,0.508506967359713
"Grid_264",0.960675593773456,0.520485085415199
"Grid_265",0.150693328409462,0.545702610047504
"Grid_266",0.0730382619106464,0.546313951603846
"Grid_267",0.057007098790993,0.551361462788578
"Grid_268",0.259461219112641,0.538160363350038
"Grid_269",0.221561365730959,0.542756951662484
"Grid_27",0.71117906190505,0.475284490234715
"Grid_270",0.292361714997014,0.566833658664066
"Grid_271",0.12470541672639,0.587792764022056
"Grid_272",0.171156712478061,0.585689631557527
"Grid_273",0.616031307994548,0.551235070130854
"Grid_274",0.102646635967388,0.595450905618882
"Grid_275",0.826649441910583,0.53258547630252
"Grid_276",0.0306724948576933,0.602066866167747
"Grid_277",0.0109778934101342,0.565526189533277
"Grid_278",0.901351357539234,0.550439394518236
"Grid_279",0.534552329983226,0.539495780993217
"Grid_28",0.206667146780941,0.521956750879593
"Grid_280",0.0639930618858061,0.548151076300639
"Grid_281",0.0112578246294769,0.564308345387187
"Grid_282",0.013833489799397,0.559541821569001
"Grid_283",0.999986731852548,0.578223975507643
"Grid_284",0.0125458959583452,0.568963561569975
"Grid_285",0.0156653857405747,0.589371520348541
"Grid_286",0.999999980339296,0.595812565534512
"Grid_287",0.0438007816247654,0.610407735304775
"Grid_288",0.0438007816247654,0.610407735304775
"Grid_289",0.192486833031935,0.573739977488615
"Grid_29",0.123397055036113,0.563858058329083
"Grid_290",0.661587394756847,0.481426516076803
"Grid_291",0.313101937871748,0.50217435181079
"Grid_292",0.176854182179412,0.528973786984593
"Grid_293",0.285913247865551,0.502566799936266
"Grid_294",0.281498598609448,0.50801955017639
"Grid_295",0.118282242235454,0.553537841820146
"Grid_296",0.139936087944403,0.582309059070197
"Grid_297",0.0892412689990325,0.557187550741973
"Grid_298",0.0750191174974302,0.59971410049838
"Grid_299",0.684394510884226,0.54610147750387
"Grid_3",0.193485565218277,0.5723077546037
"Grid_30",0.127797834561322,0.562588037055372
"Grid_300",0.424793998580104,0.564372994892663
"Grid_301",0.342324037108423,0.570258256476398
"Grid_302",0.357307775211753,0.569151713614879
"Grid_303",0.0620210600597687,0.599140302606284
"Grid_304",0.0144288477617588,0.585652019739583
"Grid_305",0.0463015453163679,0.548517150233525
"Grid_306",0.128804652398835,0.538435324150152
"Grid_307",0.0212326659626928,0.595939634867485
"Grid_308",0.0758925878990666,0.548338687394316
"Grid_309",0.0157728730389618,0.576404537987719
"Grid_31",0.574875898890526,0.524105266414555
"Grid_310",1,0.814725799669036
"Grid_311",0.0376707468447223,0.607522691369551
"Grid_312",0.0183990954314702,0.554916584169108
"Grid_313",0.0438007816247654,0.610407735304775
"Grid_314",0.0438007816247654,0.610407735304775
"Grid_315",0.247420498473666,0.545518053900603
"Grid_316",0.0829932613661718,0.561290099068135
"Grid_317",0.2817145543677,0.503677754752514
"Grid_318",0.229565363717854,0.511392483002434
"Grid_319",0.569180941445248,0.493052152997328
"Grid_32",0.20450736654591,0.564636653714355
"Grid_320",0.249423844040266,0.535909236351297
"Grid_321",0.0858384805179281,0.553898245102165
"Grid_322",0.0960496940697371,0.593850740722808
"Grid_323",0.261311827013165,0.57027273915107
"Grid_324",0.117831161646698,0.592896942659973
"Grid_325",0.205794200776897,0.581917790791095
"Grid_326",0.201894591504029,0.582317617159128
"Grid_327",0.836900038003561,0.531321115944403
"Grid_328",0.263436393570985,0.576543226063874
"Grid_329",0.0443185984930686,0.608736327958466
"Grid_33",0.126041362906178,0.577628621439535
"Grid_330",0.153899125828739,0.542689973243789
"Grid_331",0.0194458970409224,0.581147344849253
"Grid_332",0.0732564494764338,0.546540724723282
"Grid_333",0.0147778626292709,0.584198554117132
"Grid_334",0.034380023086769,0.55052349666591
"Grid_335",0.0640885804092103,0.602591956739892
"Grid_336",1,0.844216295567941
"Grid_337",0.0438007816247654,0.610407735304775
"Grid_338",0.977836379010468,0.553894586385698
"Grid_339",0.0438007816247654,0.610407735304775
"Grid_34",0.0475417507463992,0.604458076494087
"Grid_340",0.0438007816247654,0.610407735304775
"Grid_341",0.0438007816247654,0.610407735304775
"Grid_342",0.176051475767036,0.552706772964744
"Grid_343",0.664412203315156,0.491884898011983
"Grid_344",0.961302998567239,0.461198320529476
"Grid_345",0.0681763423764204,0.531078731492958
"Grid_346",0.834576727936514,0.491572673991233
"Grid_347",0.123798155131998,0.527676723968294
"Grid_348",0.0785295312653008,0.533137582204809
"Grid_349",0.128931268698389,0.546731644581453
"Grid_35",0.0677280425784308,0.598370808699245
"Grid_350",0.0781464851727733,0.586005523684904
"Grid_351",0.104835642990697,0.595063402147897
"Grid_352",0.531308642923524,0.557131076061036
"Grid_353",0.892043910440793,0.523057121422038
"Grid_354",0.75912881248681,0.539706140821638
"Grid_355",0.442996360066317,0.563044874153107
"Grid_356",0.301666959015116,0.573150254726877
"Grid_357",0.0820669719180144,0.527654198678906
"Grid_358",0.016084222247278,0.569730310072338
"Grid_359",0.0912128265978284,0.542811872108926
"Grid_36",0.162192489916537,0.586714058547971
"Grid_360",0.0308180971589752,0.6029934782287
"Grid_361",0.0470859054585138,0.60293419444581
"Grid_362",0.537759045984021,0.547100281347469
"Grid_363",1,0.676961435635777
"Grid_364",0.0327645493482761,0.605189605778296
"Grid_365",0.0438007816247654,0.610407735304775
"Grid_366",0.0438007816247654,0.610407735304775
"Grid_367",0.0438007816247654,0.610407735304775
"Grid_368",0.0831543145032967,0.595983847966385
"Grid_369",0.313447430453143,0.504446131815135
"Grid_37",0.744455779465224,0.540547257129606
"Grid_370",0.968838426316089,0.504061917284251
"Grid_371",0.240938241894259,0.507685121885932
"Grid_372",0.848847777260355,0.480870548715373
"Grid_373",0.345237231123175,0.498907498441371
"Grid_374",0.0581879436159295,0.543450247558731
"Grid_375",0.387974822082631,0.530506028228801
"Grid_376",0.141452534010442,0.589400091378333
"Grid_377",0.734474191773631,0.541941191056685
"Grid_378",0.29624677462942,0.573817452948468
"Grid_379",0.224788354741496,0.580044380500742
"Grid_38",0.196673898218112,0.580806485159563
"Grid_380",0.246035388790632,0.578074492950355
"Grid_381",0.304297376403871,0.57308236281647
"Grid_382",0.208775965492596,0.581615760653202
"Grid_383",0.194353030523588,0.581750519706243
"Grid_384",0.0374135707014226,0.584663282534034
"Grid_385",0.0114312348005567,0.576619158293089
"Grid_386",0.0111596316824713,0.567835675962657
"Grid_387",0.062188582251976,0.602906172682247
"Grid_388",0.590381965414947,0.548001566740767
"Grid_389",0.999999999994863,0.635809230724948
"Grid_39",0.147246036859509,0.588654598434605
"Grid_390",0.0153085981906683,0.586048747689108
"Grid_391",0.0438007816247654,0.610407735304775
"Grid_392",0.0438007816247654,0.610407735304775
"Grid_393",0.0438007816247654,0.610407735304775
"Grid_394",0.0442644824611442,0.610228960984837
"Grid_395",0.0533503396739854,0.576439385234514
"Grid_396",0.31852773301076,0.499514382417143
"Grid_397",0.75582310308953,0.491789968668208
"Grid_398",0.641879375761745,0.488417093141992
"Grid_399",0.380761924340924,0.511410467276906
"Grid_4",0.329330224237825,0.549933548247965
"Grid_40",0.0620043050987404,0.569485634989832
"Grid_400",0.625600625237199,0.494264618877925
"Grid_401",0.371458934352536,0.553761693790338
"Grid_402",0.470123295724264,0.524117634812568
"Grid_403",0.350616396314575,0.569643277767857
"Grid_404",0.257176559102792,0.577086414320408
"Grid_405",0.135985868092405,0.590187504642953
"Grid_406",0.631672714820582,0.550100811041705
"Grid_407",0.557054824756813,0.555371206272223
"Grid_408",0.378280985475388,0.567635116168851
"Grid_409",0.413797824723273,0.565134152993817
"Grid_41",0.0129600399988537,0.583045690362037
"Grid_410",0.528577397976146,0.554848027411249
"Grid_411",0.0342374609701385,0.547722353107466
"Grid_412",0.0124280592934001,0.565914949748636
"Grid_413",0.0171051133586867,0.555491202316819
"Grid_414",0.0591443361103098,0.602909242478027
"Grid_415",0.999999999716292,0.620965406144718
"Grid_416",0.016594208539832,0.590763228364578
"Grid_417",0.0438007816247654,0.610407735304775
"Grid_418",0.0438007816247654,0.610407735304775
"Grid_419",0.0438007816247654,0.610407735304775
"Grid_42",0.0249791515087993,0.552526273200245
"Grid_420",0.0572416875039394,0.6034806975766
"Grid_421",0.0909064687621403,0.528391105447519
"Grid_422",0.32934562281222,0.500980238975696
"Grid_423",0.970965280877263,0.489879472120497
"Grid_424",0.132476460101226,0.52312189195903
"Grid_425",0.263906868478118,0.538997893000209
"Grid_426",0.111008227996412,0.546694713275499
"Grid_427",0.367684045577438,0.531625119297364
"Grid_428",0.136385649334846,0.588058462476948
"Grid_429",0.098861725792151,0.594346663036773
"Grid_43",0.999999894539531,0.59544838519905
"Grid_430",0.653427019544397,0.548487364068489
"Grid_431",0.403114413933742,0.565878985199553
"Grid_432",0.397730903995444,0.566256555689585
"Grid_433",0.322868862912928,0.571729192022419
"Grid_434",0.530094178552494,0.557213683710673
"Grid_435",0.354763956486722,0.569338114958417
"Grid_436",0.636175348888451,0.53627168931407
"Grid_437",0.132084717760053,0.552501471419933
"Grid_438",0.0370231903302885,0.575417438981124
"Grid_439",0.0118302132506903,0.566252168019664
"Grid_44",0.0502907955256844,0.540506967728711
"Grid_440",0.0334752970800655,0.592446472811456
"Grid_441",1,0.683775429841705
"Grid_442",0.0707892276986022,0.54834062210401
"Grid_443",0.0438007816247654,0.610407735304775
"Grid_444",0.0438007816247654,0.610407735304775
"Grid_445",0.0438007816247654,0.610407735304775
"Grid_446",0.0438007816247654,0.610407735304775
"Grid_447",0.0985989159884162,0.581365891155345
"Grid_448",0.514965713618676,0.486897525885981
"Grid_449",0.285894297955494,0.502208716119922
"Grid_45",0.999999999999987,0.6631984892466
"Grid_450",0.0813304846851812,0.536517860161413
"Grid_451",0.206508020911396,0.519991148285788
"Grid_452",0.148388020309257,0.517088538786758
"Grid_453",0.14557697879781,0.532461973670724
"Grid_454",0.295418981529945,0.567069901863743
"Grid_455",0.165701650484916,0.586074436938059
"Grid_456",0.163157878807437,0.58641212417887
"Grid_457",0.472270986619468,0.561131076909483
"Grid_458",0.602784709265799,0.552181374656761
"Grid_459",0.206492747525312,0.581846751137013
"Grid_46",0.0743894698936118,0.548176284711019
"Grid_460",0.345147336705802,0.570048125505506
"Grid_461",0.691580033733806,0.54553002731303
"Grid_462",0.71675348468305,0.543464298427779
"Grid_463",0.893202469855087,0.513638295065093
"Grid_464",0.317338915014062,0.52586392687554
"Grid_465",0.0362372705897239,0.558966534772142
"Grid_466",0.014574674609836,0.576705761833262
"Grid_467",0.0582326081955525,0.60462094314706
"Grid_468",1,0.966382910492414
"Grid_469",0.0438007816247654,0.610407735304775
"Grid_47",1,0.97866822276817
"Grid_470",0.0438007816247654,0.610407735304775
"Grid_471",0.0438007816247654,0.610407735304775
"Grid_472",0.109114033855415,0.593896464320246
"Grid_473",0.325838015306031,0.544992852525089
"Grid_474",0.572226892185477,0.489757230260669
"Grid_475",0.419059766582229,0.497547345968056
"Grid_476",0.529254758814736,0.489717840162536
"Grid_477",0.112731332838737,0.572220214063518
"Grid_478",0.826691518635961,0.486865938354773
"Grid_479",0.44089434983406,0.50499579874771
"Grid_48",1,0.892029074597207
"Grid_480",0.0675577398550413,0.570953935467532
"Grid_481",0.137849152657044,0.589926823369526
"Grid_482",0.760013510762882,0.539623079550034
"Grid_483",0.330830434903892,0.571122188614759
"Grid_484",0.727088537288588,0.54258366390561
"Grid_485",0.542592277840723,0.556362006875606
"Grid_486",0.394334307426255,0.566495611423907
"Grid_487",0.533806905507137,0.556961049800427
"Grid_488",0.671341773636151,0.547121450559261
"Grid_489",0.905180471497628,0.520533080503798
"Grid_49",0.701071120558619,0.548474677333084
"Grid_490",0.287584062941667,0.550251677976098
"Grid_491",0.0171899017018687,0.5635343595386
"Grid_492",0.0111682166643486,0.570647141263132
"Grid_493",0.0114032630867658,0.566771841287483
"Grid_494",1,0.943460762475181
"Grid_495",0.0438007816247654,0.610407735304775
"Grid_496",0.0438007816247654,0.610407735304775
"Grid_497",0.0438007816247654,0.610407735304775
"Grid_498",0.0438007816247654,0.610407735304775
"Grid_499",0.629016930602149,0.544675420568352
"Grid_5",0.0915555734454561,0.578964393759885
"Grid_50",0.0275047456236989,0.601008097681459
"Grid_500",0.294425972205614,0.522703245624605
"Grid_501",0.785059257453764,0.49412193409887
"Grid_502",0.153494184548624,0.515548077265307
"Grid_503",0.46361298906776,0.498769424710652
"Grid_504",0.47830706006996,0.490926779885068
"Grid_505",0.54392464079536,0.486243637630171
"Grid_506",0.141564826851087,0.542318073666946
"Grid_507",0.482546545529786,0.560419377364851
"Grid_508",0.521251355931809,0.557814364459477
"Grid_509",0.923864475804968,0.51630251608233
"Grid_51",0.0446036836428848,0.610099293743626
"Grid_510",0.132594976747134,0.590669582512615
"Grid_511",0.534627980889236,0.556905140184103
"Grid_512",0.26600258699809,0.57632288981742
"Grid_513",0.401941135698356,0.565961138274651
"Grid_514",0.443818157031852,0.563066870193672
"Grid_515",0.326879011179038,0.571422534305983
"Grid_516",0.912940350166284,0.518883481749385
"Grid_517",0.166743888675544,0.514193644424344
"Grid_518",0.0112768941417417,0.57143956989194
"Grid_519",0.0495445524601006,0.608308264288749
"Grid_52",0.0401505380383902,0.60321634577301
"Grid_520",0.887724632148255,0.547721214199504
"Grid_521",0.0438007816247654,0.610407735304775
"Grid_522",0.0438007816247654,0.610407735304775
"Grid_523",0.0438007816247654,0.610407735304775
"Grid_524",0.0460536501778962,0.609303543723898
"Grid_525",0.453424004190949,0.553494761867166
"Grid_526",0.418023033671334,0.511141433212035
"Grid_527",0.235324425879633,0.507435118641439
"Grid_528",0.784276259651012,0.478314914542848
"Grid_529",0.503729941932602,0.493804657491904
"Grid_53",0.590062930950504,0.482218079650272
"Grid_530",0.371447940797459,0.510869627373177
"Grid_531",0.462643282951661,0.490715070752166
"Grid_532",0.348396763328299,0.569807243039417
"Grid_533",0.353571656792035,0.569425680135979
"Grid_534",0.342326078624516,0.570258104244812
"Grid_535",0.886645861864737,0.524013302901708
"Grid_536",0.347950499404103,0.569840264879792
"Grid_537",0.655589882161112,0.548324371188248
"Grid_538",0.355923026308634,0.569253111937213
"Grid_539",0.488188139010805,0.560053192636978
"Grid_54",0.518359285197632,0.503121052920289
"Grid_540",0.297075192621502,0.57375096957293
"Grid_541",0.677349523043006,0.546654768757118
"Grid_542",0.857467150416032,0.528571038565633
"Grid_543",0.999643770142064,0.548221541345353
"Grid_544",0.042642227449249,0.607062939761733
"Grid_545",0.0574179116824764,0.603949764271038
"Grid_546",0.999999999997667,0.633817248950926
"Grid_547",0.0438007816247654,0.610407735304775
"Grid_548",0.0438007816247654,0.610407735304775
"Grid_549",0.0438007816247654,0.610407735304775
"Grid_55",0.197943230957008,0.530550210359417
"Grid_550",0.0438007816247654,0.610407735304775
"Grid_551",0.136840643228941,0.585088728902198
"Grid_552",0.225220085253682,0.541928773155628
"Grid_553",0.243503932667761,0.505756112037684
"Grid_554",0.604953647170853,0.494341590877436
"Grid_555",0.99936419053395,0.48156264107768
"Grid_556",0.884016271484211,0.470690513258675
"Grid_557",0.830507816571421,0.491640588963051
"Grid_558",0.1700244670358,0.54198046759613
"Grid_559",0.440290134231114,0.563292577129015
"Grid_56",0.454976522414015,0.540236124603147
"Grid_560",0.48341432821167,0.560376280485203
"Grid_561",0.104735373833021,0.595080997904006
"Grid_562",0.11164478793037,0.593901213871752
"Grid_563",0.328353827327349,0.571310226317715
"Grid_564",0.644215530922504,0.549176113925467
"Grid_565",0.447074436127828,0.562844430326362
"Grid_566",0.27356942759,0.575680734352784
"Grid_567",0.361373925791406,0.568854926512042
"Grid_568",0.6109725855343,0.551550554994587
"Grid_569",0.348374746415599,0.569636819438353
"Grid_57",0.0840805180371748,0.583010977075132
"Grid_570",0.0325373823561246,0.579831935546609
"Grid_571",0.0489251081081707,0.608523423165872
"Grid_572",0.0258007459956045,0.588320622568522
"Grid_573",0.0438007816247654,0.610407735304775
"Grid_574",0.0438007816247654,0.610407735304775
"Grid_575",0.0438007816247654,0.610407735304775
"Grid_576",0.0449033783644034,0.609985494805582
"Grid_577",0.197876751011531,0.57310482418761
"Grid_578",0.361461888040014,0.500046271822832
"Grid_579",0.725976355861587,0.476559092683178
"Grid_58",0.606592739666413,0.504053655162671
"Grid_580",0.429329280395262,0.491134698297067
"Grid_581",0.966941552602076,0.496557553556158
"Grid_582",0.939276097070621,0.477749173786281
"Grid_583",0.509890911778432,0.494565242494984
"Grid_584",0.265674944331491,0.564380302292083
"Grid_585",0.204713416288618,0.577168985399301
"Grid_586",0.658007665245167,0.548141569716011
"Grid_587",0.0642223916647409,0.603826134625362
"Grid_588",0.425078267560352,0.564353384050902
"Grid_589",0.860345309260565,0.528159739812349
"Grid_59",0.199635006106903,0.545152650505338
"Grid_590",0.81885390096565,0.533507044581303
"Grid_591",0.394795625067828,0.566463104177801
"Grid_592",0.365920064826866,0.568524741433534
"Grid_593",0.50272210911227,0.559069759254598
"Grid_594",0.641605609603996,0.548740487721851
"Grid_595",0.33004342570499,0.571181867703901
"Grid_596",0.0515569298624053,0.606690844782852
"Grid_597",0.0366619496859667,0.603327096915283
"Grid_598",0.0293845645903184,0.598605777261016
"Grid_599",0.0438007816247654,0.610407735304775
"Grid_6",0.0834215759720139,0.545753546784573
"Grid_60",0.108983690719375,0.591795316905802
"Grid_600",0.0438007816247654,0.610407735304775
"Grid_601",0.0438007816247654,0.610407735304775
"Grid_602",0.0438007816247654,0.610407735304775
"Grid_603",0.0470203721967797,0.608589458720849
"Grid_604",0.461763608873354,0.536130862922358
"Grid_605",0.387444784541884,0.522352886442087
"Grid_606",0.640242608903839,0.476288062867397
"Grid_607",0.558211043261944,0.482317541109161
"Grid_608",0.99999998102274,0.512128298827519
"Grid_609",0.63163115023515,0.48597694866061
"Grid_61",0.190326100366316,0.583491846742457
"Grid_610",0.23614749799004,0.519057879942989
"Grid_611",0.337250506652616,0.561007053665513
"Grid_612",0.309656108931845,0.571839307897353
"Grid_613",0.300983349975892,0.573438712630436
"Grid_614",0.222882114746402,0.580227234566618
"Grid_615",0.684328023298342,0.546106730862961
"Grid_616",0.534151089821398,0.556937614995122
"Grid_617",0.639324966484502,0.549538386149928
"Grid_618",0.544628982134123,0.556222852523841
"Grid_619",0.166930462790503,0.586188755847545
"Grid_62",0.824513353851327,0.532841260624625
"Grid_620",0.165828838359784,0.586320480396981
"Grid_621",0.352474777957907,0.568493756078126
"Grid_622",0.444471862535615,0.562802715969453
"Grid_623",0.0425792957725151,0.608894015320708
"Grid_624",0.0245338469062968,0.589650394403657
"Grid_625",0.0438007816247654,0.610407735304775
"Grid_626",0.0438007816247654,0.610407735304775
"Grid_627",0.0438007816247654,0.610407735304775
"Grid_628",0.0438007816247654,0.610407735304775
"Grid_629",0.165057898446595,0.583630508598639
"Grid_63",0.478880184236971,0.557244350193597
"Grid_630",0.634122357635567,0.505239624445607
"Grid_631",0.476960500949649,0.495685697975306
"Grid_632",0.479662489352394,0.497467642895291
"Grid_633",0.960144248563582,0.450074364691565
"Grid_634",0.677357322855665,0.473438435928374
"Grid_635",0.435622553449854,0.51648698285508
"Grid_636",0.234459848041887,0.532037773973404
"Grid_637",0.210297504650072,0.54864785900812
"Grid_638",0.23541601586033,0.579028573272107
"Grid_639",0.362036720397504,0.568806681994146
"Grid_64",0.127733158083273,0.591317348138582
"Grid_640",0.184935862975534,0.584125781111315
"Grid_641",0.725853442789179,0.54269000491339
"Grid_642",0.840418675037808,0.530872043144881
"Grid_643",0.750485409309424,0.540506697683232
"Grid_644",0.372054639655892,0.568081796002547
"Grid_645",0.236472995645854,0.578946238230024
"Grid_646",0.156706331497156,0.587438682954852
"Grid_647",0.116067935000829,0.591477929775339
"Grid_648",0.428089563723364,0.564145834771987
"Grid_649",0.0459306441838264,0.609600747149899
"Grid_65",0.355727175951225,0.569267466704428
"Grid_650",0.0356611070894363,0.601517693545481
"Grid_651",0.0438007816247654,0.610407735304775
"Grid_652",0.0438007816247654,0.610407735304775
"Grid_653",0.0438007816247654,0.610407735304775
"Grid_654",0.0438007816247654,0.610407735304775
"Grid_655",0.0438007816247654,0.610407735304775
"Grid_656",0.355490062230587,0.563690946025094
"Grid_657",0.801390898591599,0.462537285015583
"Grid_658",0.351981891574552,0.520390080497273
"Grid_659",0.232302061113609,0.50822651391536
"Grid_66",0.0136355385584084,0.585307376665646
"Grid_660",0.818911914406042,0.482168764774577
"Grid_661",0.810957991287843,0.46463430013388
"Grid_662",0.647773682352106,0.483247054659868
"Grid_663",0.316904605843182,0.499531883107311
"Grid_664",0.310165655196318,0.563235147627042
"Grid_665",0.260718493246675,0.576778056669145
"Grid_666",0.346516619726271,0.569946495386709
"Grid_667",0.235537735192433,0.579032757214345
"Grid_668",0.640965928478542,0.549417083483029
"Grid_669",0.797243094948141,0.53590737723622
"Grid_67",0.0108321401046189,0.57238992108812
"Grid_670",0.3831849514576,0.567285235277567
"Grid_671",0.204973116352061,0.58200151579461
"Grid_672",0.368655707258282,0.568249028708787
"Grid_673",0.117948226368222,0.59287837661836
"Grid_674",0.173022639491993,0.585441451361954
"Grid_675",0.269944016279612,0.575987024746922
"Grid_676",0.0477296310124257,0.605496104073359
"Grid_677",0.0438007816247654,0.610407735304775
"Grid_678",0.0438007816247654,0.610407735304775
"Grid_679",0.0438007816247654,0.610407735304775
"Grid_68",0.156136729394268,0.547239246934184
"Grid_680",0.0445867967789533,0.610105727246155
"Grid_681",0.0694725220061835,0.602450081676624
"Grid_682",0.467161287279057,0.501648372095938
"Grid_683",0.796654890234307,0.474457631668034
"Grid_684",0.212714250711751,0.542416955099145
"Grid_685",0.921094386845181,0.478176139389769
"Grid_686",0.799096824325275,0.489790606188734
"Grid_687",0.954833241730058,0.461237307242667
"Grid_688",0.380264253212065,0.498510436098559
"Grid_689",0.261676785580914,0.560350196245111
"Grid_69",0.999999971581965,0.596838458182601
"Grid_690",0.31885041279797,0.572038421048691
"Grid_691",0.166044992366107,0.586294580198678
"Grid_692",0.570197518487722,0.554464526876771
"Grid_693",0.294767667682094,0.573936416637228
"Grid_694",0.473795275352517,0.561027758216029
"Grid_695",0.664025458327005,0.547683753176437
"Grid_696",0.423336390715864,0.564473600804353
"Grid_697",0.182601043654908,0.584384348831025
"Grid_698",0.105136013345588,0.595010778741375
"Grid_699",0.08749858495526,0.598350179597697
"Grid_7",0.0520232037097916,0.606217518698322
"Grid_70",1,0.761556456078943
"Grid_700",0.192045987675868,0.583353252008984
"Grid_701",0.199191952135776,0.582598038138962
"Grid_702",0.0166848232218503,0.556005830356556
"Grid_703",0.0438007816247654,0.610407735304775
"Grid_704",0.0438007816247654,0.610407735304775
"Grid_705",0.0438007816247654,0.610407735304775
"Grid_706",0.0438007816247654,0.610407735304775
"Grid_707",0.0466366237748073,0.609340970711806
"Grid_708",0.566955955385431,0.554498100056961
"Grid_709",0.539521918273828,0.484421283109448
"Grid_71",0.999999999999988,0.66323538004429
"Grid_710",0.529328886997763,0.485703955704341
"Grid_711",0.0545490340900655,0.549437708401133
"Grid_712",0.338174262313585,0.501423327891184
"Grid_713",0.79329303630068,0.465499933705924
"Grid_714",0.948470043835791,0.462948691286062
"Grid_715",0.539803702766246,0.484239011320527
"Grid_716",0.556371473110692,0.555088992395876
"Grid_717",0.124864660517569,0.591808212009385
"Grid_718",0.408853983101553,0.565478130298569
"Grid_719",0.402774403982034,0.56590278518775
"Grid_72",1,0.917295828990855
"Grid_720",0.803513173506381,0.535232322585911
"Grid_721",0.380748333754688,0.567458873285412
"Grid_722",0.643665345946651,0.54921698346194
"Grid_723",0.203139297790376,0.582189391436094
"Grid_724",0.22248652346853,0.580265317461373
"Grid_725",0.0852308825172294,0.598821821174573
"Grid_726",0.14004206325588,0.589546525195172
"Grid_727",0.288875716712804,0.574413696796639
"Grid_728",0.0752754970484041,0.592643499916236
"Grid_729",0.0438007816247654,0.610407735304775
"Grid_73",1,0.994388883428124
"Grid_730",0.0438007816247654,0.610407735304775
"Grid_731",0.0438007816247654,0.610407735304775
"Grid_732",0.0438007816247654,0.610407735304775
"Grid_733",0.0542503331659351,0.606750917113958
"Grid_734",0.348739972819917,0.499891471554264
"Grid_735",0.0741025321150796,0.553450132195664
"Grid_736",0.581417326932258,0.485488131016333
"Grid_737",0.296724007604915,0.510086370180492
"Grid_738",0.678095628740199,0.479194014009604
"Grid_739",0.456985970555484,0.489378795009133
"Grid_74",1,0.732238131004581
"Grid_740",0.326514717650954,0.505494468703675
"Grid_741",0.209589706583448,0.549039757532811
"Grid_742",0.670198551257018,0.54720974130591
"Grid_743",0.151655923925377,0.588080212248014
"Grid_744",0.211759571177594,0.581316635571581
"Grid_745",0.261310143368895,0.57672680673115
"Grid_746",0.668695656527701,0.547325565361598
"Grid_747",0.634112180661317,0.54992208265103
"Grid_748",0.578838216086009,0.553864477011114
"Grid_749",0.157925491882358,0.587286301331604
"Grid_75",0.999999999962671,0.627092720446717
"Grid_750",0.191436882643763,0.583233420437487
"Grid_751",0.156448133460953,0.587255737757815
"Grid_752",0.107845414695612,0.594465293739057
"Grid_753",0.246306876732894,0.577864093700766
"Grid_754",0.216332214695553,0.52488967573691
"Grid_755",0.0438007816247654,0.610407735304775
"Grid_756",0.0438007816247654,0.610407735304775
"Grid_757",0.0438007816247654,0.610407735304775
"Grid_758",0.0438007816247654,0.610407735304775
"Grid_759",0.0438007816247654,0.610407735304775
"Grid_76",0.034351196938645,0.605641201662833
"Grid_760",0.102975669546908,0.595376763247457
"Grid_761",0.164245994071816,0.530684666322957
"Grid_762",0.0867822109111313,0.534383343991086
"Grid_763",0.245705661256089,0.505927930362507
"Grid_764",0.147943904586138,0.522150103613459
"Grid_765",0.576064378966913,0.484987099189004
"Grid_766",0.80133606351691,0.465130909247373
"Grid_767",0.949640478107288,0.448657280295371
"Grid_768",0.535401716360241,0.551988402007834
"Grid_769",0.268210428898961,0.576118895331462
"Grid_77",0.0451305572560248,0.609899704086701
"Grid_770",0.176483233562742,0.585074022529901
"Grid_771",0.113365583180039,0.593601864206471
"Grid_772",0.322112670258498,0.571787232603467
"Grid_773",0.376691995691448,0.567748844063285
"Grid_774",0.303923690652462,0.573205256935863
"Grid_775",0.275915926780326,0.575483803503175
"Grid_776",0.215202653842721,0.580975165153483
"Grid_777",0.242588378748801,0.578231104576231
"Grid_778",0.0785950766050271,0.600162451658177
"Grid_779",0.415071508832478,0.565045719249881
"Grid_78",0.0447996161912663,0.597933162190565
"Grid_780",0.41606635999774,0.56497669636196
"Grid_781",0.0438007816247654,0.610407735304775
"Grid_782",0.0438007816247654,0.610407735304775
"Grid_783",0.0438007816247654,0.610407735304775
"Grid_784",0.0438007816247654,0.610407735304775
"Grid_785",0.051933641323828,0.607501225605677
"Grid_786",0.109556621545345,0.579099782086338
"Grid_787",0.0370586139097833,0.579141846586039
"Grid_788",0.190275307440033,0.511110883503421
"Grid_789",0.233836101444341,0.509494597816266
"Grid_79",0.227061917274929,0.507421969961235
"Grid_790",0.197755644698603,0.522796972857765
"Grid_791",0.673593077086825,0.474774740287484
"Grid_792",0.678139346614536,0.474400440875958
"Grid_793",0.726556956742449,0.479112338316709
"Grid_794",0.814583324863373,0.531763028099893
"Grid_795",0.135572095615107,0.590245793091191
"Grid_796",0.100581557972544,0.595823114350645
"Grid_797",0.173793826192532,0.585383025091219
"Grid_798",0.429030052155263,0.564081082808502
"Grid_799",0.586389610495212,0.55333713412871
"Grid_8",0.0584209221609433,0.591126033163079
"Grid_80",0.661076006082767,0.475500516340279
"Grid_800",0.204600617511569,0.582008739968776
"Grid_801",0.177718278020243,0.584933334635606
"Grid_802",0.333586654588306,0.570913725900385
"Grid_803",0.132913071345812,0.590623927634415
"Grid_804",0.126609080936126,0.582302134370881
"Grid_805",0.0746314023403305,0.58344738412088
"Grid_806",0.502245004282718,0.531369661803261
"Grid_807",0.0438007816247654,0.610407735304775
"Grid_808",0.0438007816247654,0.610407735304775
"Grid_809",0.0438007816247654,0.610407735304775
"Grid_81",0.494866346393822,0.494207578281266
"Grid_810",0.0438007816247654,0.610407735304775
"Grid_811",0.0438007816247654,0.610407735304775
"Grid_812",0.0438007816247654,0.610407735304775
"Grid_813",0.04916468075071,0.608439910288854
"Grid_814",0.159005433437112,0.56941741626696
"Grid_815",0.189823081169898,0.532937036411613
"Grid_816",0.326970335879049,0.503694642019633
"Grid_817",0.66197281573559,0.477718263923601
"Grid_818",0.909247418441481,0.457517173729013
"Grid_819",0.83630501099786,0.507807371886929
"Grid_82",0.41114150558488,0.547574275845546
"Grid_820",0.229175890192344,0.562427520014372
"Grid_821",0.537735308366391,0.556615073378756
"Grid_822",0.640030260282807,0.549486280530117
"Grid_823",0.201330801078594,0.582190767367787
"Grid_824",0.121456712166537,0.592329073091133
"Grid_825",0.454086479991028,0.562366341622336
"Grid_826",0.648375506919337,0.548866133993079
"Grid_827",0.204590739648521,0.582040589356043
"Grid_828",0.128495029047182,0.59126634968567
"Grid_829",0.185065807234072,0.584111463381419
"Grid_83",0.241465096906249,0.538472118015928
"Grid_830",0.118207312632851,0.592837342110919
"Grid_831",0.105484565642396,0.594919267060779
"Grid_832",0.0313398787704914,0.576105123172394
"Grid_833",0.0438007816247654,0.610407735304775
"Grid_834",0.0438007816247654,0.610407735304775
"Grid_835",0.0438007816247654,0.610407735304775
"Grid_836",0.0438007816247654,0.610407735304775
"Grid_837",0.0578407136688188,0.605644749212724
"Grid_838",0.0773876821342441,0.600544379794495
"Grid_839",0.0682223793655763,0.602768920400205
"Grid_84",0.804002542037419,0.50750120066767
"Grid_840",0.109786608339953,0.590763388446471
"Grid_841",0.0704595128256264,0.542293200359184
"Grid_842",0.458964211843777,0.491199479028492
"Grid_843",0.847899097231589,0.470069360770042
"Grid_844",0.950953785028939,0.453230102681576
"Grid_845",0.810993918008864,0.490149413041799
"Grid_846",0.603710710775021,0.552115609701609
"Grid_847",0.814931709797456,0.533927031338124
"Grid_848",0.85386298851621,0.528344598529564
"Grid_849",0.11366898890801,0.593567488339931
"Grid_85",0.747591711249024,0.482350524682243
"Grid_850",0.154370391965876,0.587733314137223
"Grid_851",0.698316550576175,0.544987342376675
"Grid_852",0.228734314128505,0.579669252355958
"Grid_853",0.358056893985123,0.569065765618211
"Grid_854",0.0978393401259252,0.596327812616745
"Grid_855",0.105071418613803,0.595022084413989
"Grid_856",0.0504324313033968,0.578387660835103
"Grid_857",0.0380926897154474,0.589848623271772
"Grid_858",0.0166246148357205,0.583908544482877
"Grid_859",0.0438007816247654,0.610407735304775
"Grid_86",0.0648385939548684,0.60050391873958
"Grid_860",0.0438007816247654,0.610407735304775
"Grid_861",0.0438007816247654,0.610407735304775
"Grid_862",0.0438007816247654,0.610407735304775
"Grid_863",0.0463952267709985,0.609399098699568
"Grid_864",0.0438007816247654,0.610407735304775
"Grid_865",0.276269390067921,0.573755135357192
"Grid_866",0.115867126015726,0.592889906269664
"Grid_867",0.0901860297690295,0.577690961516458
"Grid_868",0.0474000206462911,0.542949090122282
"Grid_869",0.598258261252987,0.483268788352066
"Grid_87",0.0505602817089921,0.606319565111826
"Grid_870",0.886601082367947,0.497835984783417
"Grid_871",0.834749365642702,0.497171671528474
"Grid_872",0.802312213662713,0.535362891494301
"Grid_873",0.549708843356257,0.555875267768943
"Grid_874",0.514214294268996,0.558275831844673
"Grid_875",0.742560570117602,0.541129418254974
"Grid_876",0.248342439790667,0.577867539422468
"Grid_877",0.52949069135514,0.557254722018379
"Grid_878",0.775861009715861,0.538096978958585
"Grid_879",0.740445803651227,0.541413120973261
"Grid_88",0.287382681705016,0.574535525433786
"Grid_880",0.687946395327024,0.544842000971967
"Grid_881",0.107442312504189,0.594611006173883
"Grid_882",0.230967050775573,0.579458962476402
"Grid_883",0.0340530557317989,0.551339020824068
"Grid_884",0.0298442435698553,0.597654171991978
"Grid_885",0.0438007816247654,0.610407735304775
"Grid_886",0.0438007816247654,0.610407735304775
"Grid_887",0.0438007816247654,0.610407735304775
"Grid_888",0.0438007816247654,0.610407735304775
"Grid_889",0.0441462755566184,0.610274366996122
"Grid_89",0.136238945330762,0.590121209014542
"Grid_890",0.160496677282681,0.586952505586362
"Grid_891",0.0684869916263725,0.602549109521765
"Grid_892",0.161132294515011,0.540623995881439
"Grid_893",0.0916818871014473,0.558443603448061
"Grid_894",0.104619125066063,0.524997097803223
"Grid_895",0.758651221953891,0.472221925852768
"Grid_896",0.864168742317572,0.512923697069863
"Grid_897",0.529135818150747,0.540723927042772
"Grid_898",0.808670246691239,0.534648656856862
"Grid_899",0.916338309560051,0.518100288182249
"Grid_9",0.327308316746216,0.555041384733614
"Grid_90",0.128003566732513,0.5913389474335
"Grid_900",0.859529459272185,0.527324217693051
"Grid_901",0.352771784278968,0.569484496443398
"Grid_902",0.674875998461945,0.546688511452359
"Grid_903",0.747798740926275,0.540751646110021
"Grid_904",0.556159951388141,0.555432706322226
"Grid_905",0.235586151829997,0.579028272610083
"Grid_906",0.34269021746657,0.570199841539917
"Grid_907",0.148661701333928,0.588468710330372
"Grid_908",0.278296428436925,0.575285046032669
"Grid_909",0.0140786484341275,0.558838005803149
"Grid_91",0.229138086407916,0.579553737807643
"Grid_910",0.240737168612118,0.54419055454701
"Grid_911",0.0438007816247654,0.610407735304775
"Grid_912",0.0438007816247654,0.610407735304775
"Grid_913",0.0438007816247654,0.610407735304775
"Grid_914",0.0438007816247654,0.610407735304775
"Grid_915",0.0438007816247654,0.610407735304775
"Grid_916",0.0438007816247654,0.610407735304775
"Grid_917",0.0849174318348399,0.598887889483886
"Grid_918",0.221174338494079,0.571058963483045
"Grid_919",0.383289973729171,0.526534009093722
"Grid_92",0.0664430751927022,0.603232016543491
"Grid_920",0.12677028484588,0.549642753250706
"Grid_921",0.239229850453883,0.506333435568469
"Grid_922",0.84917277093482,0.494063795256521
"Grid_923",0.94212682652474,0.510110772870311
"Grid_924",0.932864390852437,0.507387513154197
"Grid_925",0.778109810990712,0.53766860978218
"Grid_926",0.801772495715956,0.527578628120487
"Grid_927",0.651373523621595,0.548625798282074
"Grid_928",0.491857139331134,0.559773644853723
"Grid_929",0.914779285166518,0.517350635378651
"Grid_93",0.0119522931499573,0.562594811390625
"Grid_930",0.847792652452174,0.52990353536786
"Grid_931",0.210908534938144,0.581401647604349
"Grid_932",0.359218408850136,0.569012081118749
"Grid_933",0.48125196685695,0.560522667971437
"Grid_934",0.193153125121523,0.581333362808795
"Grid_935",0.0763616961804132,0.531616435841125
"Grid_936",0.0125122752131886,0.566090158102324
"Grid_937",0.0438007816247654,0.610407735304775
"Grid_938",0.0438007816247654,0.610407735304775
"Grid_939",0.0438007816247654,0.610407735304775
"Grid_94",0.925661395807465,0.550662992373839
"Grid_940",0.0438007816247654,0.610407735304775
"Grid_941",0.0438007816247654,0.610407735304775
"Grid_942",0.101854052159763,0.59559298289738
"Grid_943",0.523275831666,0.556480814937363
"Grid_944",0.57452520650023,0.533230272673257
"Grid_945",0.124116128108,0.568965948352979
"Grid_946",0.152920372485576,0.553379138379397
"Grid_947",0.580197860074274,0.513791731158183
"Grid_948",0.926885190275777,0.508705930017994
"Grid_949",0.842216864792822,0.510644369966394
"Grid_95",0.999999998757576,0.614453345541842
"Grid_950",0.938573823562778,0.511720571600064
"Grid_951",0.904008878357226,0.520642925927789
"Grid_952",0.940667735449412,0.511200196121381
"Grid_953",0.738835397089725,0.54152470845742
"Grid_954",0.69477210789478,0.545210702658238
"Grid_955",0.891033121839607,0.52319150651408
"Grid_956",0.584628301109549,0.553460393956335
"Grid_957",0.178743210144344,0.584524822066629
"Grid_958",0.563255623777683,0.554568069376463
"Grid_959",0.74815725695851,0.521809145316339
"Grid_96",0.999999999999966,0.656633607876085
"Grid_960",0.152565072771937,0.534308130350991
"Grid_961",0.0333387419709078,0.546640619473165
"Grid_962",0.0108375637967992,0.57307246178282
"Grid_963",0.0438007816247654,0.610407735304775
"Grid_964",0.0438007816247654,0.610407735304775
"Grid_965",0.0438007816247654,0.610407735304775
"Grid_966",0.0438007816247654,0.610407735304775
"Grid_967",0.0438007816247654,0.610407735304775
"Grid_968",0.0438007816247654,0.610407735304775
"Grid_969",0.0608374096808839,0.604768958428037
"Grid_97",1,0.826819482961084
"Grid_970",0.361098558543077,0.554036913597827
"Grid_971",0.594298651903268,0.531440336103619
"Grid_972",0.131184046142003,0.580158727060651
"Grid_973",0.849317308996419,0.514241956596877
"Grid_974",0.868446653700293,0.518096496744696
"Grid_975",0.90980992372583,0.505639073602661
"Grid_976",0.68144082351337,0.507467837334535
"Grid_977",0.934657464174686,0.513185911902518
"Grid_978",0.829047470429714,0.52460492770357
"Grid_979",0.83640817561925,0.506493389841261
"Grid_98",1,0.753489790557401
"Grid_980",0.353999190918183,0.536251486860703
"Grid_981",0.904200842954946,0.520732184543893
"Grid_982",0.936618855324858,0.512753938013217
"Grid_983",0.911137466714454,0.51927886633363
"Grid_984",0.574615914734302,0.552765709211351
"Grid_985",0.846204070721141,0.52954353855551
"Grid_986",0.563211423501025,0.538086769696304
"Grid_987",0.999921629695145,0.514705785232304
"Grid_988",0.0154000684483705,0.586941613173518
"Grid_989",0.0438007816247654,0.610407735304775
"Grid_99",1,0.955623523029687
"Grid_990",0.0438007816247654,0.610407735304775
"Grid_991",0.0438007816247654,0.610407735304775
"Grid_992",0.0438007816247654,0.610407735304775
"Grid_993",0.0438007816247654,0.610407735304775
"Grid_994",0.0464955680495096,0.609392579250071
"Grid_995",0.12057856274454,0.592326706021421
"Grid_996",0.106728610257851,0.584666651823051
"Grid_997",0.373027781148574,0.553036098104798
"Grid_998",0.172299581504396,0.583198239314052
"Grid_999",0.939065524934907,0.511809113036121
